"Username","Vehicle.model","Lifetime.average.Wh.km","Your.mileage.km","Your.range.at.100.","X100..range.for.this.trim.level","Remaining.battery.capacity","Trendline.","x","y"
"220v","Model S 85",225,3400,401,395,1.02,1.831,3400,1.02
"600sl","Model S 90D",210,25500,431,447,0.96,1.6435,25500,0.96
"AC1K","Model S P85",176,60113,418,428,0.98,1.3499,60113,0.98
"Aggregate","Model S 75",188,1322,381,375,1.02,1.8474,1322,1.02
"Aggregate","Model S 75",187,3164,381,375,1.02,1.833,3164,1.02
"Aggregate","Model S 75",188,4752,383,375,1.02,1.8195,4752,1.02
"Aggregate","Model S 75",189,6500,382,375,1.02,1.8047,6500,1.02
"Aggregate","Model S 75",192,8000,379,375,1.01,1.7919,8000,1.01
"Aggregate","Model S 75",194,8400,380,375,1.01,1.7886,8400,1.01
"Aggregate","Model S 75",199,10239,377,375,1.01,1.773,10239,1.01
"Aggregate","Model S 75",201,14950,372,375,0.99,1.733,14950,0.99
"Aggregate","Model S 75",200,21634,375,375,1,1.6763,21634,1
"Aggregate","Model S 75",196,24000,367,375,0.98,1.6562,24000,0.98
"Aggregate","Model S 75",194,27000,370,375,0.99,1.6308,27000,0.99
"Aggregate","Model S 75",189,32600,372,375,0.99,1.5833,32600,0.99
"Aggregate","Model S 75",186,37850,371,375,0.99,1.5388,37850,0.99
"Aggregate","Model S 75",185,40000,370,375,0.99,1.5205,40000,0.99
"Aggregate","Model S 75",187,51500,366,375,0.98,1.423,51500,0.98
"Aggregate","Model S 75",188,55200,364,375,0.97,1.3916,55200,0.97
"Aggregate","Model S 75",184,93053,348,375,0.93,1.0705,93053,0.93
"aikisteve","Model S P85D",220,63000,379,403,0.94,1.3254,63000,0.94
"Alain13","Unspecified 85 kWh",224,12000,388,395,0.98,1.758,12000,0.98
"alertic","Model S 85D",218,56469,418,425,0.98,1.3808,56469,0.98
"AnalysiZ","Model S P85D",225,317,404,403,1,1.6809,317,1
"AnalysiZ","Model S P85D",212,1875,405,403,1.01,1.8438,1875,1.01
"AnalysiZ","Model S P85D",205,3772,410,403,1.02,1.8278,3772,1.02
"AnalysiZ","Model S P85D",208,4815,409,403,1.01,1.819,4815,1.01
"AnalysiZ","Model S P85D",206,5012,410,403,1.02,1.8173,5012,1.02
"AnalysiZ","Model S P85D",205,5579,410,403,1.02,1.8125,5579,1.02
"AnalysiZ","Model S P85D",203,7339,410,403,1.02,1.7976,7339,1.02
"AnalysiZ","Model S P85D",200,9484,409,403,1.01,1.7794,9484,1.01
"AnalysiZ","Model S P85D",199,10843,408,403,1.01,1.7678,10843,1.01
"AnalysiZ","Model S P85D",198,13087,407,403,1.01,1.7488,13087,1.01
"AnalysiZ","Model S P85D",197,16302,406,403,1.01,1.7215,16302,1.01
"AnalysiZ","Model S P85D",197,18610,407,403,1.01,1.702,18610,1.01
"AnalysiZ P85","Model S P85",200,16045,383,395,0.97,1.7237,16045,0.97
"AnalysiZ S70","Model S 70",189,1186,368,355,1.04,1.8475,1186,1.04
"Anco","Model S 85",215,4397,392,395,0.99,1.8225,4397,0.99
"Anco","Model S 85",223,43123,355,395,0.9,1.494,43123,0.9
"Anco","Model S 85",222,46500,374,395,0.95,1.4654,46500,0.95
"anco","Model S 85",223,62660,374,395,0.95,1.3283,62660,0.95
"Anco","Model S 85",219,106200,378,395,0.96,0.959,106200,0.96
"anco","Model S 75D",233,6900,389,384,1.01,1.8013,6900,1.01
"Andre68","Model S 85",223,76500,372,395,0.94,1.2109,76500,0.94
"Anssi","Model S 70D",218,17800,353,360,0.98,1.7088,17800,0.98
"apollo 46","Model S 90D",228,1196,450,447,1.01,1.8475,1196,1.01
"apollo 46","Model S 90D",226,2062,448,447,1,1.8423,2062,1
"apollo 46","Model S 90D",218,7133,448,447,1,1.7993,7133,1
"apollo 46","Model S 90D",215,10715,446,447,1,1.7689,10715,1
"apollo 46","Model S 90D",216,15001,439,447,0.98,1.7326,15001,0.98
"apollo 46","Model S 90D",213,18602,434,447,0.97,1.702,18602,0.97
"apollo 46","Model S 90D",214,20421,439,447,0.98,1.6866,20421,0.98
"apollo 46","Model S 90D",222,25581,432,447,0.97,1.6428,25581,0.97
"apollo 46","Model S 90D",222,30786,431,447,0.96,1.5987,30786,0.96
"apollo 46","Model S 90D",219,35581,429,447,0.96,1.558,35581,0.96
"apollo 46","Model S 90D",215,42743,429,447,0.96,1.4973,42743,0.96
"apollo 46","Model S 90D",213,51364,431,447,0.96,1.4241,51364,0.96
"arjan.a","Model S 85",239,26000,378,395,0.96,1.6393,26000,0.96
"arnkl","Model S 85",197,57000,379,395,0.96,1.3763,57000,0.96
"Ashtorak","Model S 70",202,7080,367,355,1.03,1.7997,7080,1.03
"Astrid","Model X 100D",215,7170,450,448,1,1.799,7170,1
"AustinP","Model S 85",215,178000,359,395,0.91,0.35,178000,0.91
"Baselland","Model S P90D",244,1330,412,412,1,1.8474,1330,1
"Baselland","Model S P90D",235,10001,402,412,0.98,1.775,10001,0.98
"Baselland","Model S P90D",230,19700,400,412,0.97,1.6927,19700,0.97
"Baselland","Model S P90D",232,59800,388,412,0.94,1.3526,59800,0.94
"BaselLandShrooms","Model S 85",221,44471,385,395,0.97,1.4826,44471,0.97
"BasvdPoel","Model S 85",216,6053,392,395,0.99,1.8085,6053,0.99
"BasvdPoel","Model S 85",226,10000,391,395,0.99,1.775,10000,0.99
"BasvdPoel","Model S 85",229,34317,372,395,0.94,1.5687,34317,0.94
"BasvdPoel","Model S 85",224,40005,383,395,0.97,1.5205,40005,0.97
"Beeeerock","Model S 85D",195,27000,430,435,0.99,1.6308,27000,0.99
"BennyG","Model S 85",204,16840,385,395,0.97,1.717,16840,0.97
"BennyG","Model S 85",209,22000,377,395,0.95,1.6732,22000,0.95
"BennyG","Model S 85",214,28805,370,395,0.94,1.6155,28805,0.94
"BennyG","Model S 85",213,31293,375,395,0.95,1.5944,31293,0.95
"BennyG","Model S 85",207,42234,381,395,0.96,1.5016,42234,0.96
"BennyG","Model S 85",207,45533,385,395,0.97,1.4736,45533,0.97
"BennyG","Model S 85",205,50878,385,395,0.97,1.4283,50878,0.97
"BennyG","Model S 85",205,60825,384,395,0.97,1.3439,60825,0.97
"BennyG","Model S 85",205,75443,381,395,0.96,1.2199,75443,0.96
"BennyG","Model S 75D",183,6548,383,384,1,1.8043,6548,1
"BennyG","Model S 75D",201,25247,367,384,0.96,1.6457,25247,0.96
"BennyG","Model S 75D",201,25456,367,384,0.96,1.6439,25456,0.96
"BennyG","Model S 75D",193,87768,358,384,0.93,1.1154,87768,0.93
"Berg","Model S P85",245,58000,372,395,0.94,1.3679,58000,0.94
"Berg","Model S P85",245,64000,370,395,0.94,1.317,64000,0.94
"Berg","Model S P85",235,84000,382,395,0.97,1.1473,84000,0.97
"Bernhard","Model S 70",210,52000,361,355,1.02,1.4187,52000,1.02
"Bernie","Model S 70D",198,6455,361,360,1,1.8051,6455,1
"Bernie","Model S 70D",219,11989,362,360,1.01,1.7581,11989,1.01
"Bernie","Model S 70D",218,23635,362,360,1.01,1.6593,23635,1.01
"Bernie","Model S 70D",208,38729,355,360,0.99,1.5313,38729,0.99
"Bernie 75D","Model S 75D",240,2642,384,384,1,1.8374,2642,1
"Bianco","Model S 85",220,38500,375,395,0.95,1.5333,38500,0.95
"Bianco","Model S 85",220,56157,377,395,0.95,1.3835,56157,0.95
"BiancoP85D","Model S P85D",NA,15970,393,403,0.98,1.7243,15970,0.98
"Biet","Model S P85D",188,88900,383,403,0.95,1.1058,88900,0.95
"Big daddy G","Model S 85D",224,54500,425,425,1,1.3975,54500,1
"Blackbird","Model S P90D",240,35333,402,412,0.98,1.5601,35333,0.98
"Blackbird","Model S 70D",230,30174,356,360,0.99,1.6039,30174,0.99
"Blitz","Model S 85",220,140504,371,395,0.94,0.6681,140504,0.94
"Blumewirt","Model S 70D",188,171941,351,360,0.98,0.4014,171941,0.98
"BobbyKings","Model S 85D",206,50011,412,425,0.97,1.4356,50011,0.97
"BobRob","Model S P85+",240,159500,365,395,0.92,0.507,159500,0.92
"Bonkers","Model S 85",211,53000,366,395,0.93,1.4103,53000,0.93
"Boost","Model S P85",200,67023,374,395,0.95,1.2913,67023,0.95
"Boost","Model S P85",200,69300,371,395,0.94,1.272,69300,0.94
"bpsmits","Model S 85",212,33366,393,395,0.99,1.5768,33366,0.99
"bpsmits","Model S 85",217,60000,388,395,0.98,1.3509,60000,0.98
"bpsmits","Model S 85",218,104000,373,395,0.94,0.9777,104000,0.94
"bpsmits","Model S 85",217,134709,377,395,0.95,0.7172,134709,0.95
"Bram","Model S 85",205,14000,391,395,0.99,1.7411,14000,0.99
"brderyck","Model S 85",261,950,394,395,1,1.8443,950,1
"brderyck","Model S 85",261,3600,394,395,1,1.8293,3600,1
"brderyck","Model S 85",260,5500,399,395,1.01,1.8132,5500,1.01
"brderyck","Model S 85",250,12440,388,395,0.98,1.7543,12440,0.98
"brderyck","Model S 85",225,21956,386,395,0.98,1.6736,21956,0.98
"brderyck","Model S 85",218,35000,378,395,0.96,1.5629,35000,0.96
"brderyck","Model S 85",240,62000,380,395,0.96,1.3339,62000,0.96
"brderyck","Model S 85",225,75000,374,395,0.95,1.2237,75000,0.95
"Broekroelofs","Model S P85+",NA,137000,360,395,0.91,0.6978,137000,0.91
"BTKKBS","Model S 90D",NA,64513,441,447,0.99,1.3126,64513,0.99
"C Bretaud","Model S P85",214,156115,372,395,0.94,0.5357,156115,0.94
"C Bretaud","Model S P85",217,201000,367,395,0.93,0.155,201000,0.93
"caddy123","Model S 85",NA,98000,384,395,0.97,1.0286,98000,0.97
"CAHL","Model S 90D",197,5704,469,470,1,1.8114,5704,1
"CAHL","Model S 90D",195,2647,472,470,1,1.8373,2647,1
"cairnz","Model S P85",204,114400,375,395,0.95,0.8895,114400,0.95
"cambonp","Model S 85",NA,199400,370,395,0.94,0.1685,199400,0.94
"Canta","Model S 85",224,117145,381,395,0.96,0.8662,117145,0.96
"CarlL","Model S 85",242,30100,380,395,0.96,1.6045,30100,0.96
"CarlL","Model S 85",218,58000,371,395,0.94,1.3679,58000,0.94
"CarlL","Model S 85D",218,12000,430,425,1.01,1.758,12000,1.01
"CarlosW","Model S 60",231,15300,285,284,1,1.73,15300,1
"caspakomiker","Model S 85",NA,208800,365,428,0.85,0.0888,208800,0.85
"Cato76","Model S P85",224,64908,388,395,0.98,1.3093,64908,0.98
"cbretaud","Model S P85",211,122100,361,395,0.91,0.8242,122100,0.91
"cedv17","Model X 60D",215,3800,323,317,1.02,1.8276,3800,1.02
"CF777E","Model S 90D",198,8900,456,447,1.02,1.7843,8900,1.02
"CF777E","Model S 90D",204,14500,446,447,1,1.7368,14500,1
"cges","Unspecified 85 kWh",229,64000,385,395,0.97,1.317,64000,0.97
"Changedriver","Unspecified 85 kWh",222,39000,378,395,0.96,1.529,39000,0.96
"chr20","Model S 85",229,102000,374,395,0.95,0.9947,102000,0.95
"chrisdl","Unspecified 85 kWh",217,18000,380,395,0.96,1.7071,18000,0.96
"ChrisK","Model S 85",227,145128,370,395,0.94,0.6289,145128,0.94
"chrisschorsch","Model S 90D",218,22185,439,447,0.98,1.6716,22185,0.98
"ChrisWorks","Model S 85D",204,14000,396,425,0.93,1.7411,14000,0.93
"CJAHulskamp","Model S 70",187,11968,369,355,1.04,1.7583,11968,1.04
"CJAhulskamp","Model S 70",210,38020,359,355,1.01,1.5373,38020,1.01
"Coltsmild","Model S 85",223,73623,405,428,0.95,1.2353,73623,0.95
"Consolaus","Model S 75D",218,30325,373,384,0.97,1.6026,30325,0.97
"Consolaus","Model S 75D",198,73876,357,384,0.93,1.2332,73876,0.93
"Cookie Monster","Model S P85D",209,16300,402,403,1,1.7215,16300,1
"D4Ha (NL)","Model X 90D",230,120728,400,400,1,0.8358,120728,1
"Daankool","Model S 85",NA,160163,361,395,0.91,0.5013,160163,0.91
"Dagger600","Model S 90D",220,10177,444.8,447,1,1.7735,10177,1
"Dakine","Model S 75",NA,14806,379,375,1.01,1.7342,14806,1.01
"Dangis","Model X 100D",246,2132,448,448,1,1.8417,2132,1
"Dangis","Model X 100D",246,23275,436,448,0.97,1.6624,23275,0.97
"Daniel74","Model S P85",219,115805,367,395,0.93,0.8776,115805,0.93
"Danielk","Unspecified 85 kWh",216,46000,383,395,0.97,1.4696,46000,0.97
"Danielk","Unspecified 85 kWh",206,20509,388,395,0.98,1.6858,20509,0.98
"DanielP","Model S 90D",207,43642,440,447,0.98,1.4896,43642,0.98
"Dark Matter","Model S 85",232,11896,424,428,0.99,1.7589,11896,0.99
"Dark Matter","Model S 85",209,19996,421,428,0.98,1.6902,19996,0.98
"Dark Matter","Model S 85",204,36474,422,428,0.99,1.5504,36474,0.99
"Dark Matter","Model S 85",211,46800,420,428,0.98,1.4629,46800,0.98
"Dark Matter","Model S 90",204,53900,452,446,1.01,1.4026,53900,1.01
"Dark Matter","Model S 90",208,56500,460,446,1.03,1.3806,56500,1.03
"Dark Singularity","Model S 60D",228,572,351,352,1,1.8057,572,1
"Deffe","Model S P85",261,16133,391,395,0.99,1.723,16133,0.99
"dekoene","Model S 70D",229,17070,357,360,0.99,1.715,17070,0.99
"dekoene","Model S 70D",232,21000,358,360,0.99,1.6817,21000,0.99
"dekoene","Model S 70D",234,27991,359,360,1,1.6224,27991,1
"dfranssen","Model S 85D",227,4761,402,425,0.95,1.8194,4761,0.95
"dfranssen","Model S 85D",224,8414,401,425,0.94,1.7884,8414,0.94
"DidierDozer","Model S 75D",215,9604,393,384,1.02,1.7783,9604,1.02
"diegop","Model S 90",204,16667,410,420,0.98,1.7184,16667,0.98
"Dimivdb","Model S 85",278,980,394,395,1,1.8451,980,1
"Dimivdb","Model S 85",256,4400,394,395,1,1.8225,4400,1
"Dimivdb","Model S 85",230,11500,394,395,1,1.7623,11500,1
"Dimivdb","Model S 85",237,14700,389,395,0.98,1.7351,14700,0.98
"DLB","Unspecified 85 kWh",223,22507,383,395,0.97,1.6689,22507,0.97
"DMC","Model S 85D",189,24027,415,435,0.95,1.656,24027,0.95
"docjones","Model S 85",218,113418,385,395,0.97,0.8978,113418,0.97
"Domidragon","Model S P85D",239,37444,390,403,0.97,1.5422,37444,0.97
"Domidragon","Model S P85D",245,42500,385,403,0.96,1.4993,42500,0.96
"dosmont","Model S 85D",214,36800,413,425,0.97,1.5477,36800,0.97
"Dreamy","Model X 90D",218,28937,384,400,0.96,1.6144,28937,0.96
"Dreamy","Model X 90D",218,35116,384,400,0.96,1.562,35116,0.96
"Drinden","Model S 85",211,65000,360,395,0.91,1.3085,65000,0.91
"Drinden","Model S 85",210,1e+05,359,395,0.91,1.0116,1e+05,0.91
"DRM","Model S 85",222,54000,372,395,0.94,1.4018,54000,0.94
"DRM","Model S 85",218,79950,389,395,0.98,1.1817,79950,0.98
"DRZMKRMT","Model 3 SR+",149,954,382,415,0.92,1.8444,954,0.92
"DRZMKRMT","Model 3 SR+",149,5000,370,415,0.89,1.8174,5000,0.89
"DvdBlink","Model S 75D",194,3767,386,384,1.01,1.8278,3767,1.01
"DvdBlink","Model S 75D",194,11479,378,384,0.98,1.7624,11479,0.98
"DvdBlink","Model S 75D",194,18446,374,384,0.97,1.7033,18446,0.97
"DvdBlink","Model S 75D",194,26765,370,384,0.96,1.6328,26765,0.96
"DvdBlink","Model S 75D",194,45770,370,384,0.96,1.4716,45770,0.96
"dvroegop","Model S 85",224,8192,393,395,0.99,1.7903,8192,0.99
"dvroegop","Model S 85",216,20120,389,395,0.98,1.6891,20120,0.98
"e-fan","Model S P85",219,113204,372,395,0.94,0.8996,113204,0.94
"e-Rik","Model S P85",218,21000,379,395,0.96,1.6817,21000,0.96
"e-Rik","Model S P85",218,43500,374,395,0.95,1.4908,43500,0.95
"eae","Model S 70D",217,513,359,360,1,1.7893,513,1
"eae","Model S 70D",232,3032,361,360,1,1.8341,3032,1
"eae","Model S 70D",230,4093,361,360,1,1.8251,4093,1
"eae","Model S 70D",228,6076,361,360,1,1.8083,6076,1
"eae","Model S 70D",220,8643,361,360,1,1.7865,8643,1
"eae","Model S 70D",218,11680,364,360,1.01,1.7607,11680,1.01
"eae","Model S 70D",211,15300,364,360,1.01,1.73,15300,1.01
"eae","Model S 70D",210,17500,361,360,1,1.7114,17500,1
"eae","Model S 70D",209,18300,359,360,1,1.7046,18300,1
"eae","Model S 70D",205,20300,359,360,1,1.6876,20300,1
"eae","Model S 70D",202,22442,361,360,1,1.6695,22442,1
"eae","Model S 70D",201,24088,359,360,1,1.6555,24088,1
"eae","Model S 70D",203,28514,359,360,1,1.618,28514,1
"eae","Model S 70D",205,30000,358,360,0.99,1.6053,30000,0.99
"eae","Model S 70D",207,32054,358,360,0.99,1.5879,32054,0.99
"eae","Model S 70D",210,66000,360,360,1,1.3,66000,1
"easygysi","Model S 85",218,38500,385,395,0.97,1.5333,38500,0.97
"ebullio","Model S 85",235,22526,391,395,0.99,1.6687,22526,0.99
"ebullio","Model S 85",238,32302,388,395,0.98,1.5858,32302,0.98
"ebullio","Model S 85",239,38867,385,395,0.97,1.5301,38867,0.97
"ebullio","Model S 85",238,52619,381,395,0.96,1.4135,52619,0.96
"ebullio","Model S 85",236,59060,380,395,0.96,1.3589,59060,0.96
"ebullio","Model S 85",235,78956,382,395,0.97,1.1901,78956,0.97
"ebullio","Model S 85",235,86532,383,395,0.97,1.1259,86532,0.97
"ebullio","Model S 85",234,91921,379,395,0.96,1.0801,91921,0.96
"ebullio","Model S 85",234,106530,371,395,0.94,0.9562,106530,0.94
"eddyf0032","Model X 75D",260,120,336,329,1.02,1.3869,120,1.02
"eddyf0032","Model X 75D",235,7000,334,329,1.02,1.8004,7000,1.02
"eddyf0032","Model X 75D",235,29500,322,329,0.98,1.6096,29500,0.98
"eddyf0032","Model X 75D",238,33400,324,329,0.98,1.5765,33400,0.98
"eddyf0032 - s85","Model S P85",242,18450,394,395,1,1.7033,18450,1
"Edi99","Model S P85",220,52000,381,395,0.96,1.4187,52000,0.96
"Edi99","Model S P85",220,68000,378,395,0.96,1.283,68000,0.96
"Edi99","Model S P85",224,80101,378,395,0.96,1.1804,80101,0.96
"EdvanS","Model S P100D",320,180,481,483,1,1.5087,180,1
"EdvanS","Model S 100D",243,8560,505,510,0.99,1.7872,8560,0.99
"EdvanS","Model S P100D",270,320,488,483,1.01,1.6835,320,1.01
"EdvanS","Model S P100D",270,25308,467,483,0.97,1.6451,25308,0.97
"Eelcodb","Model S 85",197,13200,384,395,0.97,1.7478,13200,0.97
"Eelcodb","Model S 85",193,40200,389,395,0.98,1.5188,40200,0.98
"EggyP85","Model S P85",218,52159,381,395,0.96,1.4174,52159,0.96
"EggyP85","Model S P85",218,55071,381,395,0.96,1.3927,55071,0.96
"EggyP85","Model S P85",218,55300,381,395,0.96,1.3908,55300,0.96
"EggyP85","Model S P85",218,64584,380,395,0.96,1.312,64584,0.96
"EggyP85","Model S P85",218,72849,377,395,0.95,1.2419,72849,0.95
"EggyP85","Model S P85",218,75554,375,395,0.95,1.219,75554,0.95
"EggyP85+","Model S P85+",218,54475,378,395,0.96,1.3978,54475,0.96
"EggyP85+","Model S P85+",218,54757,377,395,0.95,1.3954,54757,0.95
"EggyP85+","Model S P85+",218,57228,379,395,0.96,1.3744,57228,0.96
"EggyP85+","Model S P85+",218,58191,380,395,0.96,1.3662,58191,0.96
"egn","Model S 85",233,74181,380,395,0.96,1.2306,74181,0.96
"egn","Model S 85",223,80240,381,395,0.96,1.1792,80240,0.96
"egn","Model S 85",224,90048,379,395,0.96,1.096,90048,0.96
"egn","Model S 85",223,94980,382,395,0.97,1.0542,94980,0.97
"egnX","Model X 100D",202,4744,450,448,1,1.8196,4744,1
"egnX","Model X 100D",202,16577,426,448,0.95,1.7192,16577,0.95
"ELDIAC","Model S 75",168,18800,372,375,0.99,1.7003,18800,0.99
"eMarkus","Model S 85",215,24950,396,395,1,1.6482,24950,1
"Energie Gratiz","Model S P85",218,73353,380,395,0.96,1.2376,73353,0.96
"Energie Gratiz","Model S P85",232,173200,371,395,0.94,0.3908,173200,0.94
"Energie Gratiz","Model S P85",228,231000,370,395,0.94,-0.0995,231000,0.94
"Energie Gratiz","Model S P85",233,361500,355,395,0.9,-1.2064,361500,0.9
"Eric Vergeer","Model S P85D",268,3503,405,403,1.01,1.8301,3503,1.01
"eric verlaet","Model S 70D",178,91770,356,360,0.99,1.0814,91770,0.99
"eric verlaet","Model S 70D",178,93005,351,360,0.98,1.071,93005,0.98
"eric verlaet","Model S 70D",NA,102748,352,360,0.98,0.9883,102748,0.98
"eric verlaet","Model S 70D",205,110000,348,360,0.97,0.9268,110000,0.97
"eric verlaet","Model S 70D",205,118015,346,360,0.96,0.8588,118015,0.96
"eric verlaet","Model S 70D",190,164300,342,360,0.95,0.4662,164300,0.95
"eric verlaet","Model S 70D",190,176331,341,360,0.95,0.3642,176331,0.95
"Erik-S85","Model S 85",245,7330,391,395,0.99,1.7976,7330,0.99
"Erik-S85","Model S 85",218,40501,377,395,0.95,1.5163,40501,0.95
"Erik-S85","Model S 85",220,54000,383,395,0.97,1.4018,54000,0.97
"ErikR","Model S 85",244,1136,399,395,1.01,1.8472,1136,1.01
"ErikR","Model S 85",244,4517,394,395,1,1.8215,4517,1
"ErikR","Model S 85",251,7024,393,395,0.99,1.8002,7024,0.99
"ErikR","Model S 85",258,9732,393,395,0.99,1.7773,9732,0.99
"ErikR","Model S 85",265,12199,392,395,0.99,1.7563,12199,0.99
"ErikR","Model S 85",265,13425,391,395,0.99,1.7459,13425,0.99
"ErikR","Model S 85",269,15930,387,395,0.98,1.7247,15930,0.98
"ErikR","Model S 85",269,20412,381,395,0.96,1.6867,20412,0.96
"ErikR","Model S 85",267,21957,382,395,0.97,1.6736,21957,0.97
"ErikR","Model S 85",265,25069,381,395,0.96,1.6472,25069,0.96
"ErikR","Model S 85",262,31500,376,395,0.95,1.5926,31500,0.95
"ErikR","Model S 85",259,35580,371,395,0.94,1.558,35580,0.94
"ErikR","Model S 85",258,40592,372,395,0.94,1.5155,40592,0.94
"ErikR","Model S 85",258,42700,376,395,0.95,1.4976,42700,0.95
"ErikR","Model S 85",258,48277,366,395,0.93,1.4503,48277,0.93
"ErikR","Model S 85",258,48521,367,395,0.93,1.4483,48521,0.93
"ErikR","Model S 85",258,55421,367,395,0.93,1.3897,55421,0.93
"ErikR","Model S 85",253,65833,373,395,0.94,1.3014,65833,0.94
"Ervee","Model S 85",246,26550,375,395,0.95,1.6346,26550,0.95
"Ervee","Model S 85",247,31300,372,395,0.94,1.5943,31300,0.94
"eSpochtback","Model S P100D",NA,50382,457,483,0.95,1.4325,50382,0.95
"fc12","Model S 90D",190,4501,452,447,1.01,1.8216,4501,1.01
"Fjack","Model S 85D",235,73450,409,425,0.96,1.2368,73450,0.96
"Fjack","Model S 85D",230,20800,414,425,0.97,1.6834,20800,0.97
"Fjack","Model S 85D",228,74909,410,425,0.96,1.2244,74909,0.96
"Fjack","Model S 85D",NA,81631,408,425,0.96,1.1674,81631,0.96
"Fjack","Model S 85D",225,86489,407,425,0.96,1.1262,86489,0.96
"flatlander","Model S 85",209,22000,383,395,0.97,1.6732,22000,0.97
"floger","Model S 90D",225,77257,423,447,0.95,1.2045,77257,0.95
"florianuhlemann","Model S P85",169,115834,384,395,0.97,0.8773,115834,0.97
"fluelimat","Model S P85D",218,71049,385,403,0.96,1.2572,71049,0.96
"fluelimat","Model S P85D",220,75678,382,403,0.95,1.2179,75678,0.95
"fluelimat","Model S P85D",220,84981,373,403,0.93,1.139,84981,0.93
"fluelimat","Model S P85D",220,103691,376,403,0.93,0.9803,103691,0.93
"fonberg","Model S 85",216,60000,393,395,0.99,1.3509,60000,0.99
"Forty Creek","Model S P85",212,111001,398,428,0.93,0.9183,111001,0.93
"Forty Creek","Model S P85",214.58,120000,403,428,0.94,0.842,120000,0.94
"Forza","Model S 60",200,2300,286,284,1.01,1.8403,2300,1.01
"frankvanhoesel","Model X 90D",257,81000,380,400,0.95,1.1728,81000,0.95
"frankvanhoesel","Model X 90D",250,180000,353,400,0.88,0.3331,180000,0.88
"fren","Model S 90D",220,8000,444,447,0.99,1.7919,8000,0.99
"fren","Model S 90D",220,13500,436,447,0.98,1.7453,13500,0.98
"fren","Model S 90D",240,15000,433,447,0.97,1.7326,15000,0.97
"fren","Model S 90D",204,37500,427,447,0.96,1.5417,37500,0.96
"fren","Model S 90D",224,46000,422,447,0.94,1.4696,46000,0.94
"fren","Model S 90D",220,50000,420,447,0.94,1.4357,50000,0.94
"fsch","Model S 85",227,1e+05,406,428,0.95,1.0116,1e+05,0.95
"fsch","Model S 85",227,109350,396,428,0.93,0.9323,109350,0.93
"fsch","Model S 85",243,117272,401,428,0.94,0.8651,117272,0.94
"fsch","Model S 85",215.12,132000,400,428,0.93,0.7402,132000,0.93
"fsch","Model S 85",243,139000,388,428,0.91,0.6808,139000,0.91
"fsch","Model S 85",214,140626,398,428,0.93,0.667,140626,0.93
"fsch","Model S 85",214,147433,382,428,0.89,0.6093,147433,0.89
"fsch","Model S 85",215,147694,398,428,0.93,0.6071,147694,0.93
"fsch","Model S 85",220,159750,400,428,0.93,0.5048,159750,0.93
"fsch","Model S 85",221,178200,387,428,0.9,0.3484,178200,0.9
"fsch","Model S 85",210,239408,385,428,0.9,-0.1708,239408,0.9
"Fuelman","Model S 85",222,9934,395,395,1,1.7755,9934,1
"Fuelman","Model S 85",222,24183,383,395,0.97,1.6547,24183,0.97
"Fuelman","Model S 85",224,30287,378,395,0.96,1.6029,30287,0.96
"FVO","Model S 85",209,27000,382,395,0.97,1.6308,27000,0.97
"FVO","Model S 85",211,36800,380,395,0.96,1.5477,36800,0.96
"FVO","Model S 85",210,52850,366,395,0.93,1.4115,52850,0.93
"FVO","Model S 85",211,58000,374,395,0.95,1.3679,58000,0.95
"FVO","Model S 85",210,74000,381,395,0.96,1.2321,74000,0.96
"FVO","Model S 85",212,85000,369,395,0.93,1.1389,85000,0.93
"FVO","Model S 85",209,98400,371,395,0.94,1.0252,98400,0.94
"FVO","Model S 85",209,113500,373,395,0.94,0.8971,113500,0.94
"ganimed","Model S P85D",185,50105,387,403,0.96,1.4348,50105,0.96
"GDgreen","Model S P85+",225,41868,357,395,0.9,1.5047,41868,0.9
"GDgreen","Model S P85+",225,52500,380,395,0.96,1.4145,52500,0.96
"GDgreen","Model S P85+",225,59750,380,395,0.96,1.353,59750,0.96
"GDgreen","Model S P85+",227,68900,380,395,0.96,1.2754,68900,0.96
"GDgreen","Model S P85+",226,78126,382,395,0.97,1.1972,78126,0.97
"gec","Model S 85",NA,34485,384,395,0.97,1.5673,34485,0.97
"gec","Model S 85",218,37970,386,395,0.98,1.5377,37970,0.98
"gec","Model S 85",NA,39951,384,395,0.97,1.5209,39951,0.97
"Geert.Snijders","Model S P85",230,21500,380,395,0.96,1.6774,21500,0.96
"Geert.Snijders","Model S P85",230,69000,373,395,0.94,1.2746,69000,0.94
"GeirHM","Model S 85D",206,32161,393,425,0.92,1.587,32161,0.92
"gelden","Model S 85",263,29700,387,395,0.98,1.6079,29700,0.98
"gelden","Model S 85",266,41000,375,395,0.95,1.512,41000,0.95
"gelden","Model S 85",266,46000,378,395,0.96,1.4696,46000,0.96
"gelden","Model S 85",265,54500,371,395,0.94,1.3975,54500,0.94
"gelden","Model S 85",266,71000,373,395,0.94,1.2576,71000,0.94
"Gepekop","Model S P85",234,34000,381,395,0.96,1.5714,34000,0.96
"Gepekop","Model S P85",237,50000,383,395,0.97,1.4357,50000,0.97
"GerardF","Model S 85",218,27000,373,395,0.94,1.6308,27000,0.94
"GerardF","Model S 85",218,34786,382,395,0.97,1.5648,34786,0.97
"Gert","Model S 85",244,95422,379,395,0.96,1.0505,95422,0.96
"Go4IT","Model S P85",220,67000,385,395,0.97,1.2915,67000,0.97
"Go4IT","Model S P85",218,73000,379,395,0.96,1.2406,73000,0.96
"Go4IT","Model S P85",220,74500,380,395,0.96,1.2279,74500,0.96
"Go4IT","Model S P85",220,84000,375,395,0.95,1.1473,84000,0.95
"Go4IT","Model S P85",220,90000,379,395,0.96,1.0964,90000,0.96
"Go4IT","Model S P85",218,1e+05,380,395,0.96,1.0116,1e+05,0.96
"Go4IT","Model S P85",218,105000,376,395,0.95,0.9692,105000,0.95
"Go4IT","Model S P85",218,111000,372,395,0.94,0.9183,111000,0.94
"Go4IT","Model S P85",218,120000,372,395,0.94,0.842,120000,0.94
"Go4IT","Model S P85",215,131000,366,395,0.93,0.7487,131000,0.93
"Go4IT","Model S P85",214,144000,366,395,0.93,0.6384,144000,0.93
"Go4IT","Model S P85",214,150000,356,395,0.9,0.5875,150000,0.9
"Go4IT","Model S P85",211,155000,357,395,0.9,0.5451,155000,0.9
"Go4IT","Model S P85",211,165000,366,395,0.93,0.4603,165000,0.93
"Go4IT","Model S P85",211,172000,365,395,0.92,0.4009,172000,0.92
"Go4IT","Model S P85",215,183000,366,395,0.93,0.3076,183000,0.93
"Go4IT","Model S P85",212,2e+05,366,395,0.93,0.1634,2e+05,0.93
"Go4IT","Model S P85",212,211500,358,395,0.91,0.0659,211500,0.91
"Go4IT","Model S P85",212,222000,361,395,0.91,-0.0231,222000,0.91
"Go4IT","Model S P85",212,230000,360,395,0.91,-0.091,230000,0.91
"Go4IT","Model S P85",212,235000,362,395,0.92,-0.1334,235000,0.92
"Go4IT","Model S P85",212,240000,366,395,0.93,-0.1758,240000,0.93
"Go4IT","Model S P85",212,246000,367,395,0.93,-0.2267,246000,0.93
"Go4IT","Model S P85",212,251000,369,395,0.93,-0.2691,251000,0.93
"Go4IT","Model S P85",212,251200,369,395,0.93,-0.2708,251200,0.93
"Go4IT","Model S P85",212,269000,363,395,0.92,-0.4218,269000,0.92
"Go4IT","Model S P85",212,276500,355,395,0.9,-0.4854,276500,0.9
"Go4IT","Model S P85",202,375000,354,395,0.9,-1.3209,375000,0.9
"goetzingert","Model S 75D",193,45000,373,384,0.97,1.4781,45000,0.97
"gollum123","Model S 90D",214,37740,432,447,0.97,1.5397,37740,0.97
"GOS","Model S 85",195,19000,388,395,0.98,1.6986,19000,0.98
"gr8boy","Model S 90D",218,51342,431,447,0.96,1.4243,51342,0.96
"Greenstorm","Model S 85D",205,744,406,425,0.96,1.8327,744,0.96
"Greenstorm","Model S 85D",205,2908,406,425,0.96,1.8351,2908,0.96
"Greenstorm","Model S 85D",205,4021,407,425,0.96,1.8257,4021,0.96
"Greenstorm","Model S 85D",205,5488,405,425,0.95,1.8133,5488,0.95
"Greenstorm","Model S 85D",205,6204,404,425,0.95,1.8072,6204,0.95
"Greenstorm","Model S 85D",205,8626,404,425,0.95,1.7866,8626,0.95
"Greenstorm","Model S 85D",205,10762,403,425,0.95,1.7685,10762,0.95
"Greenstorm","Model S 85D",205,18650,393,425,0.92,1.7016,18650,0.92
"Greenstorm","Model S 85D",205,26279,391,425,0.92,1.6369,26279,0.92
"Greenstorm","Model S 85D",205,35030,401,425,0.94,1.5627,35030,0.94
"Greenstorm","Model S 85D",205,39966,405,425,0.95,1.5208,39966,0.95
"Greenstorm","Model S 85D",205,42641,404,425,0.95,1.4981,42641,0.95
"Greenstorm","Model S 85D",205,44051,408,425,0.96,1.4862,44051,0.96
"Greenstorm","Model S 85D",206,45490,407,425,0.96,1.474,45490,0.96
"Greenstorm","Model S 85D",206,49489,408,425,0.96,1.44,49489,0.96
"Greenstorm","Model S 85D",206,50600,409,425,0.96,1.4306,50600,0.96
"Greenstorm","Model S 85D",206,53720,411,425,0.97,1.4042,53720,0.97
"Greenstorm","Model S 85D",206,56320,411,425,0.97,1.3821,56320,0.97
"Greenstorm","Model S 85D",206,61226,413,425,0.97,1.3405,61226,0.97
"Greenstorm","Model S 85D",206,63010,414,425,0.97,1.3254,63010,0.97
"Greenstorm","Model S 85D",206,64468,415,425,0.98,1.313,64468,0.98
"Greenstorm","Model S 85D",206,65086,416,425,0.98,1.3078,65086,0.98
"Greenstorm","Model S 85D",206,65739,414,425,0.97,1.3022,65739,0.97
"Greenstorm","Model S 85D",206,66604,417,425,0.98,1.2949,66604,0.98
"Greenstorm","Model S 85D",206,67245,415,425,0.98,1.2894,67245,0.98
"Greenstorm","Model S 85D",206,68687,415,425,0.98,1.2772,68687,0.98
"Greenstorm","Model S 85D",206,70532,415,425,0.98,1.2616,70532,0.98
"Greenstorm","Model S 85D",206,71619,410,425,0.96,1.2523,71619,0.96
"Greenstorm","Model S 85D",206,72843,410,425,0.96,1.242,72843,0.96
"Greenstorm","Model S 85D",206,73770,408,425,0.96,1.2341,73770,0.96
"Greenstorm","Model S 85D",206,74611,413,425,0.97,1.227,74611,0.97
"Greenstorm","Model S 85D",206,74973,417,425,0.98,1.2239,74973,0.98
"Gretsch","Model S 85D",218,47834,420,425,0.99,1.4541,47834,0.99
"Gretsch","Model S 85D",218,64476,422,425,0.99,1.3129,64476,0.99
"Grotebeer","Model S 85",222,89867,374,395,0.95,1.0976,89867,0.95
"Grotebeer","Model S 85",212,128000,371,395,0.94,0.7741,128000,0.94
"Guillaume","Model S 85",213,178000,381,395,0.96,0.35,178000,0.96
"Guillaume","Model S 85",214,246902,363,395,0.92,-0.2344,246902,0.92
"Guillaume","Model S 85",214,209618,370,395,0.94,0.0819,209618,0.94
"Gunjanov","Model S 85D",222,20000,415,425,0.98,1.6902,20000,0.98
"Guten","Model S 70D",208,130,336,360,0.93,1.4098,130,0.93
"gvveen","Model S 75",198,28385,373,375,0.99,1.619,28385,0.99
"gyapi","Model S 85",227,37000,377,395,0.95,1.546,37000,0.95
"Haa","Model S 85",225,43800,379,395,0.96,1.4883,43800,0.96
"Haalie","Model S 90D",225,34000,432,447,0.97,1.5714,34000,0.97
"Hammer","Model S 85",211,110150,362,395,0.92,0.9255,110150,0.92
"Hans (Amsterdam)","Unspecified 85 kWh",207,24000,382,395,0.97,1.6562,24000,0.97
"Hans Noordsij","Model S 85",218,32000,392,395,0.99,1.5884,32000,0.99
"Hans Noordsij","Model S 85",218,40670,385,395,0.97,1.5148,40670,0.97
"Hans Noordsij","Model S 85",218,45650,385,395,0.97,1.4726,45650,0.97
"HansBe","Model S 85",253,2650,393,395,0.99,1.8373,2650,0.99
"HansBE","Model S 85",228,19308,380,395,0.96,1.696,19308,0.96
"Hanteta","Model S 90D",191,9911,460,447,1.03,1.7757,9911,1.03
"Heinz Ruffieux","Model S 85",205,102000,376,395,0.95,0.9947,102000,0.95
"helio","Model S 70D",207,124898,338,360,0.94,0.8004,124898,0.94
"helipilot","Model S 75D",NA,2430,383,384,1,1.8392,2430,1
"Henkepank","Model S 85D",200,226000,401,425,0.94,-0.0571,226000,0.94
"HenningH","Model S P85",244,36000,375,395,0.95,1.5545,36000,0.95
"hgs","Model S 85",201,64000,370,395,0.94,1.317,64000,0.94
"Hulteberg","Model S 90D",220,53335,430,447,0.96,1.4074,53335,0.96
"HWS","Model S P85",248,18200,381,395,0.96,1.7054,18200,0.96
"HWS","Model S P85",249,27876,381,395,0.96,1.6234,27876,0.96
"HWS","Model S P85",249,27906,381,395,0.96,1.6231,27906,0.96
"HWS","Model S P85",252,34533,377,395,0.95,1.5669,34533,0.95
"HWS","Model S P85",250,42850,378,395,0.96,1.4964,42850,0.96
"HWS","Model S P85",218,50950,379,395,0.96,1.4277,50950,0.96
"HWS","Model S P85",244,54971,370,395,0.94,1.3935,54971,0.94
"HWS","Model S P85",246,56138,377,395,0.95,1.3837,56138,0.95
"HWS 90D","Model S 90D 2015",233,9200,409,427,0.96,1.7818,9200,0.96
"HWS 90D","Model S 90D 2015",250,13889,408,427,0.96,1.742,13889,0.96
"HWS 90D","Model S 90D",249,15058,434,447,0.97,1.7321,15058,0.97
"HWS 90D","Model S 90D",248,16500,424,447,0.95,1.7199,16500,0.95
"HWS 90D","Model S 90D",248,17326,433,447,0.97,1.7128,17326,0.97
"HWS 90D","Model S 90D",236,24331,432,447,0.97,1.6534,24331,0.97
"HWS 90D","Model S 90D",236,26389,428,447,0.96,1.636,26389,0.96
"HWS 90D","Model S 90D",236,29890,431,447,0.96,1.6063,29890,0.96
"HWS 90D","Model S 90D",234,31865,433,447,0.97,1.5895,31865,0.97
"HWS 90D","Model S 90D",234,35011,429,447,0.96,1.5628,35011,0.96
"HWS 90D","Model S 90D",229,37900,433,447,0.97,1.5383,37900,0.97
"HWS 90D","Model S 90D",229,39193,433,447,0.97,1.5274,39193,0.97
"HWS 90D","Model S 90D",230,39821,433,447,0.97,1.522,39821,0.97
"HWS 90D","Model S 90D",231,41845,430,447,0.96,1.5049,41845,0.96
"HWS 90D","Model S 90D",233,43090,427,447,0.96,1.4943,43090,0.96
"HWS 90D","Model S 90D",234,47860,425,447,0.95,1.4539,47860,0.95
"HWS 90D","Model S 90D",234,51222,428,447,0.96,1.4253,51222,0.96
"HWS 90D","Model S 90D",234,53328,427,447,0.96,1.4075,53328,0.96
"HWS 90D","Model S 90D",233,55201,425,447,0.95,1.3916,55201,0.95
"HWS 90D","Model S 90D",233,63637,422,447,0.94,1.32,63637,0.94
"HWS X100D","Model X 100D",267,675,453,448,1.01,1.8247,675,1.01
"HWS X100D","Model X 100D",268,1327,459,448,1.02,1.8474,1327,1.02
"HWS X100D","Model X 100D",286,8600,457,448,1.02,1.7869,8600,1.02
"HWS X100D","Model X 100D",292,14054,456,448,1.02,1.7406,14054,1.02
"HWS X100D","Model X 100D",288,17449,456,448,1.02,1.7118,17449,1.02
"HWS2","Model S 85",223,24281,377,395,0.95,1.6539,24281,0.95
"IAV_P85_weiss","Model S P85",200,63067,379,395,0.96,1.3249,63067,0.96
"idefix","Model S 70D",210,38000,343,360,0.95,1.5375,38000,0.95
"idefix","Model S 70D",205,42193,342.04,360,0.95,1.5019,42193,0.95
"idefix","Model S 70D",202,46445,345,360,0.96,1.4659,46445,0.96
"idefix","Model S 70D",205,55355,340,360,0.94,1.3903,55355,0.94
"idefix","Model S 70D",204,60219,342,360,0.95,1.349,60219,0.95
"idefix","Model S 70D",212,69089,343,360,0.95,1.2738,69089,0.95
"idefix","Model S 70D",214,72027,344,360,0.96,1.2489,72027,0.96
"iDrops","Model S 90D",214,33886,445,447,1,1.5724,33886,1
"iggypop","Model S 75D",190,3272,388,384,1.01,1.832,3272,1.01
"iggypop","Model S 75D",179,10025,379,384,0.99,1.7748,10025,0.99
"iKhalid","Model S 60",220,92242,298,333,0.89,1.0774,92242,0.89
"in-clusion","Model S P85+",228,36000,379,395,0.96,1.5545,36000,0.96
"in-clusion","Model S P85+",228,41000,374,395,0.95,1.512,41000,0.95
"in-clusion","Model S P85+",230,45800,374,395,0.95,1.4713,45800,0.95
"in-clusion","Model S P85+",220,54000,384,395,0.97,1.4018,54000,0.97
"in-clusion","Model S P85+",226,74000,368,395,0.93,1.2321,74000,0.93
"in-clusion","Model S P85+",224,80000,361,395,0.91,1.1813,80000,0.91
"in-clusion","Model S P85+",225,80690,367,395,0.93,1.1754,80690,0.93
"in-clusion","Model S P85+",225,80941,366,395,0.93,1.1733,80941,0.93
"in-clusion","Model S P85+",225,81620,370,395,0.94,1.1675,81620,0.94
"in-clusion","Model S P85+",225,88870,373,395,0.94,1.106,88870,0.94
"in-clusion","Model S P85+",225,89850,376,395,0.95,1.0977,89850,0.95
"in-clusion","Model S P85+",228,97310,376,395,0.95,1.0344,97310,0.95
"in-clusion","Model S P85+",224,116148,379,395,0.96,0.8747,116148,0.96
"in-clusion","Model S P85+",224,127974,370,395,0.94,0.7744,127974,0.94
"in-clusion","Model S P85+",218,130200,376,395,0.95,0.7555,130200,0.95
"in-clusion","Model S P85+",226,147768,373,395,0.94,0.6065,147768,0.94
"in-clusion","Model S P85+",225,154610,361,395,0.91,0.5484,154610,0.91
"in-clusion","Model S P85+",225,156486,355,395,0.9,0.5325,156486,0.9
"in-clusion","Model S P85+",225,171255,358,395,0.91,0.4073,171255,0.91
"in-clusion","Model S P85+",225,173000,372,395,0.94,0.3925,173000,0.94
"J0hnny3010","Model S 70D",188,239.5,334,360,0.93,1.5982,239.5,0.93
"jakoys","Model S 85",220,36302,388,395,0.98,1.5519,36302,0.98
"jakoys","Model S 85",220,39821,381,395,0.96,1.522,39821,0.96
"jakoys","Model S 85",220,48316,373,395,0.94,1.45,48316,0.94
"jakoys","Model S 85",220,68068,376,395,0.95,1.2825,68068,0.95
"jakoys","Model S 85",220,76800,376,395,0.95,1.2084,76800,0.95
"jakoys","Model S 85",218,84877,383,395,0.97,1.1399,84877,0.97
"jakoys","Model S 85",218,95640,379,395,0.96,1.0486,95640,0.96
"jakoys","Model S 85",218,100790,378,395,0.96,1.0049,100790,0.96
"jakoys","Model S 85",NA,112358,376,395,0.95,0.9068,112358,0.95
"jakoys","Model S 85",NA,149995,372,395,0.94,0.5876,149995,0.94
"Janc","Model S 85",215,7100,391,395,0.99,1.7996,7100,0.99
"Janc","Model S 85",224,28500,387,395,0.98,1.6181,28500,0.98
"Janc","Model S 85",230,51000,380,395,0.96,1.4272,51000,0.96
"Janc","Model S 85",215,83000,377,395,0.95,1.1558,83000,0.95
"Jaydee","Model S 75",215.43,18700,389,396,0.98,1.7012,18700,0.98
"JBou","Model S 85",227,59000,372,395,0.94,1.3594,59000,0.94
"JBou","Model S 85",212,63000,365,395,0.92,1.3254,63000,0.92
"JBou","Model S 85",220,70614,369,395,0.93,1.2609,70614,0.93
"JBou","Model S 85",217,80500,371,395,0.94,1.177,80500,0.94
"JBou","Model S 85",211,89000,372,395,0.94,1.1049,89000,0.94
"JBou","Model S 85",206,116500,375,395,0.95,0.8717,116500,0.95
"JBou","Model S 85",206,125000,370,395,0.94,0.7996,125000,0.94
"JCar","Model S 85",201,33700,387,395,0.98,1.574,33700,0.98
"JCar","Model S 85",202,41000,384,395,0.97,1.512,41000,0.97
"JCar","Model S 85",200,49500,378,395,0.96,1.44,49500,0.96
"JCar","Model S 85",198,51815,375,395,0.95,1.4203,51815,0.95
"JCar","Model S 85",198,58000,369,395,0.93,1.3679,58000,0.93
"JCK","Model S 85",204,39200,385,395,0.97,1.5273,39200,0.97
"JCK","Model S 85",238,77500,382,395,0.97,1.2025,77500,0.97
"JCK","Model S 85",241,135000,368,395,0.93,0.7148,135000,0.93
"JCK","Model S 85",201,158400,368,395,0.93,0.5163,158400,0.93
"JCK","Model X 100D",247,2000,453,448,1.01,1.8428,2000,1.01
"jdw","Model S 85D",209,6900,428,435,0.98,1.8013,6900,0.98
"jdw","Model S 85D",209,10680,428,435,0.98,1.7692,10680,0.98
"jdw","Model S 85D",212,19550,432,435,0.99,1.694,19550,0.99
"jdw","Model S 85D",218,22611,435,435,1,1.668,22611,1
"jdw","Model S 85D",209,27015,433.14,435,1,1.6307,27015,1
"jdw","Model S 85D",206,31589,435,435,1,1.5919,31589,1
"jdw","Model S P100D",168,800,555,505,1.1,1.8373,800,1.1
"jdw","Model S P100D",168,5896,554,505,1.1,1.8098,5896,1.1
"Jean","Unspecified 85 kWh",212,65065,373,395,0.94,1.3079,65065,0.94
"Jean","Unspecified 85 kWh",214,72778,378,395,0.96,1.2425,72778,0.96
"Jean","Model S 85",220,132950,372,395,0.94,0.7322,132950,0.94
"JHO","Model S 85",218,265546,378,395,0.96,-0.3925,265546,0.96
"JimmyJam","Model S 85",225,52221,382,395,0.97,1.4169,52221,0.97
"JimmyJam","Model S 85",223,60000,384,395,0.97,1.3509,60000,0.97
"JimmyJam","Model S 85",222,75000,378,395,0.96,1.2237,75000,0.96
"JimmyJam","Model S 85",222,89983,377,395,0.95,1.0966,89983,0.95
"JimmyJam","Model S 85",220,100500,381,395,0.96,1.0074,100500,0.96
"JimmyJam","Model S 85",221,112000,377,395,0.95,0.9098,112000,0.95
"JimmyJam","Model S 85",217,143425,371,395,0.94,0.6433,143425,0.94
"JimmyJam","Model S 85",218,159812,373,395,0.94,0.5043,159812,0.94
"jja","Model S 85",196,20200,384,395,0.97,1.6885,20200,0.97
"jja","Model S 85",200,31618,378,395,0.96,1.5916,31618,0.96
"jja","Model S 85",200,70300,382,395,0.97,1.2635,70300,0.97
"Jlk","Model S 85D",NA,58000,410,425,0.96,1.3679,58000,0.96
"JM_AU","Model S 60",189,20100,303,284,1.07,1.6893,20100,1.07
"joech26","Model X 75D",221,31718,316,329,0.96,1.5908,31718,0.96
"joech26","Model X 75D",221,24748,317,329,0.96,1.6499,24748,0.96
"joech26","Model X 75D",221,21913,325,329,0.99,1.6739,21913,0.99
"joech26","Model X 75D",221,10574,329,329,1,1.7701,10574,1
"JoeJoe","Model S 70D",221,15300,360,360,1,1.73,15300,1
"JoeNe","Model S 85",229,33150,377,395,0.95,1.5786,33150,0.95
"JoeNe","Model S 85",231,45845,391,395,0.99,1.471,45845,0.99
"JoeNe","Model S 85",230,60476,384,395,0.97,1.3469,60476,0.97
"JoeNe","Model S 85",223,70030,370,395,0.94,1.2658,70030,0.94
"JoeNe","Model S 85",226,78676,365,395,0.92,1.1925,78676,0.92
"JoeNe","Model S 85",228,81614,361,395,0.91,1.1676,81614,0.91
"JoeNe","Model S 85",228,92560.27337,368,395,0.93,1.0747,92560.27337,0.93
"JoeNe","Model S 85",228,98528,374,395,0.95,1.0241,98528,0.95
"JoeNe","Model S 85",223,117434,375,395,0.95,0.8638,117434,0.95
"JoeNe","Model S 85",223,127174,374,395,0.95,0.7811,127174,0.95
"JoeNe","Model S 85",222,152072,376,395,0.95,0.57,152072,0.95
"JoeNe","Model S 85",218,168691,366,395,0.93,0.429,168691,0.93
"Johan","Model 3 LR AWD",148,21820,500,544,0.92,1.6747,21820,0.92
"Johann Koeber","Model S P85",226,124004,370,395,0.94,0.808,124004,0.94
"Johann Koeber","Model S P85",223,248884,364,395,0.92,-0.2512,248884,0.92
"Jolinar","Model S P85",210,53600,376,395,0.95,1.4052,53600,0.95
"Jolnar","Model S P85",209,140000,371,395,0.94,0.6724,140000,0.94
"jonas_man","Model S 90D",236,800,441,447,0.99,1.8373,800,0.99
"jonas_man","Model S 90D",219,2361,447,447,1,1.8398,2361,1
"jonas_man","Model S 90D",219,4362,447,447,1,1.8228,4362,1
"jonas_man","Model S 90D",225,22827,441,447,0.99,1.6662,22827,0.99
"jonas_man","Model S 90D",NA,62000,428,447,0.96,1.3339,62000,0.96
"jpet","Model S P85D",253,1904,403,403,1,1.8436,1904,1
"jpet","Model S P85D",246,3272,406,403,1.01,1.832,3272,1.01
"jpet","Model S P85D",244,4144,406,403,1.01,1.8247,4144,1.01
"jpet","Model S P85D",237,5903,406,403,1.01,1.8097,5903,1.01
"jpet","Model S P85D",237,6832,403,403,1,1.8019,6832,1
"jpet","Model S P85D",237,7882,403,403,1,1.7929,7882,1
"jpet","Model S P85D",237,11053,396,403,0.98,1.7661,11053,0.98
"jpet","Model S P85D",236,11403,395,403,0.98,1.7631,11403,0.98
"jpet","Model S P85D",235,11743,394,403,0.98,1.7602,11743,0.98
"jpet","Model S P85D",230,14775,388,403,0.96,1.7345,14775,0.96
"jpet","Model S P85D",233,15007,388,403,0.96,1.7325,15007,0.96
"jpet","Model S P85D",233,15237,389,403,0.97,1.7306,15237,0.97
"jpet","Model S P85D",234,15471,389,403,0.97,1.7286,15471,0.97
"jpet","Model S P85D",235,17865,392,403,0.97,1.7083,17865,0.97
"jpet","Model S P85D",235,17968,392,403,0.97,1.7074,17968,0.97
"jpet","Model S P85D",235,18278,393,403,0.98,1.7048,18278,0.98
"jpet","Model S P85D",235,19091,390,403,0.97,1.6979,19091,0.97
"jpet","Model S P85D",235,19321,391,403,0.97,1.6959,19321,0.97
"jpet","Model S P85D",235,21620,374,403,0.93,1.6764,21620,0.93
"jpet","Model S P85D",235,21878,375,403,0.93,1.6742,21878,0.93
"jpet","Model S P85D",235,24606,376,403,0.93,1.6511,24606,0.93
"jpet","Model S P85D",235,24758,376,403,0.93,1.6498,24758,0.93
"jpet","Model S P85D",235,24956,376,403,0.93,1.6481,24956,0.93
"jpet","Model S P85D",234,26081,375,403,0.93,1.6386,26081,0.93
"jpet","Model S P85D",233,27279,377,403,0.94,1.6284,27279,0.94
"jpet","Model S P85D",233,27426,374,403,0.93,1.6272,27426,0.93
"jpet","Model S P85D",232,28424,379,403,0.94,1.6187,28424,0.94
"jpet","Model S P85D",231,30001,379,403,0.94,1.6053,30001,0.94
"jpet","Model S P85D",231,30094,378,403,0.94,1.6045,30094,0.94
"jpet","Model S P85D",231,30353,380,403,0.94,1.6024,30353,0.94
"jpet","Model S P85D",231,30909,379,403,0.94,1.5976,30909,0.94
"jpet","Model S P85D",230,32110,382,403,0.95,1.5875,32110,0.95
"jpet","Model S P85D",229,32540,381,403,0.95,1.5838,32540,0.95
"jpet","Model S P85D",229,32910,383,403,0.95,1.5807,32910,0.95
"jpet","Model S P85D",229,34205,383,403,0.95,1.5697,34205,0.95
"jpet","Model S P85D",230,36095,386,403,0.96,1.5537,36095,0.96
"jpet","Model S P85D",230,36535,386,403,0.96,1.5499,36535,0.96
"jpet","Model S P85D",232,39061,387,403,0.96,1.5285,39061,0.96
"jpet","Model S P85D",232,40014,388,403,0.96,1.5204,40014,0.96
"jpet","Model S P85D",232,43470,389,403,0.97,1.4911,43470,0.97
"jpet","Model S P85D",232,46881,390,403,0.97,1.4622,46881,0.97
"jpet","Model S P85D",232,46975,389,403,0.97,1.4614,46975,0.97
"jpet","Model S P85D",232,48204,389,403,0.97,1.4509,48204,0.97
"jpet","Model S P85D",232,50068,385,403,0.96,1.4351,50068,0.96
"jpet","Model S P85D",232,54120,384,403,0.95,1.4008,54120,0.95
"jpet","Model S P85D",232,54460,382,403,0.95,1.3979,54460,0.95
"jpgrolle","Model S 60",213,37069,275,284,0.97,1.5454,37069,0.97
"jtesla","Model S 85D",215,27700,400,425,0.94,1.6249,27700,0.94
"juergen767","Model S 85",NA,345,345,395,0.87,1.7037,345,0.87
"Juicer","Model S 70D",216,2359,362,360,1.01,1.8398,2359,1.01
"Juicer","Model S 70D",223,6300,367,360,1.02,1.8064,6300,1.02
"Juicer","Model S 70D",221,9199,362,360,1.01,1.7818,9199,1.01
"Juicer","Model S 70D",226,18723,356,360,0.99,1.701,18723,0.99
"Juicer","Model S 70D",225,27355,357,360,0.99,1.6278,27355,0.99
"Juicer","Model S 70D",224,29300,356,360,0.99,1.6113,29300,0.99
"Juicer","Model S 70D",219,36870,352,360,0.98,1.5471,36870,0.98
"Juicer","Model S 70D",216,39404,352,360,0.98,1.5256,39404,0.98
"Juicer","Model S 70D",213,43787,353,360,0.98,1.4884,43787,0.98
"Juicer","Model S 70D",209,49107,352,360,0.98,1.4433,49107,0.98
"Juicer","Model S 70D",206,53176,352,360,0.98,1.4088,53176,0.98
"Juicer","Model S 70D",203,58335,351,360,0.98,1.365,58335,0.98
"Juicer","Model S 70D",203,65470,351,360,0.98,1.3045,65470,0.98
"Juicer","Model S 70D",205,73105,353,360,0.98,1.2397,73105,0.98
"Juicer","Model S 70D",207,80104,350,360,0.97,1.1804,80104,0.97
"Juicer","Model S 70D",207,84753,350,360,0.97,1.1409,84753,0.97
"Juicer","Model S 70D",207,91273,349,360,0.97,1.0856,91273,0.97
"Juicer","Model S 70D",205,100449,348,360,0.97,1.0078,100449,0.97
"Juicer","Model S 70D",204,112335,347,360,0.96,0.907,112335,0.96
"Juicer","Model S 70D",204,119635,346,360,0.96,0.8451,119635,0.96
"Juicer","Model S 70D",204,127380,346,360,0.96,0.7794,127380,0.96
"Juicer","Model S 70D",207,138550,345,360,0.96,0.6847,138550,0.96
"justroll","Model S 85",242,649,393,395,0.99,1.8208,649,0.99
"justroll","Model S 85",242,5249,393,395,0.99,1.8153,5249,0.99
"justroll","Model S 85",232,8249,393,395,0.99,1.7898,8249,0.99
"justroll","Model S 85",228,11234,389,395,0.98,1.7645,11234,0.98
"justroll","Model S 85",225,14472,386,395,0.98,1.7371,14472,0.98
"justroll","Model S 85",223,18412,382,395,0.97,1.7036,18412,0.97
"justroll","Model S 85",220,25412,381,395,0.96,1.6443,25412,0.96
"justroll","Model S 85",218,31712,378,395,0.96,1.5908,31712,0.96
"justroll","Model S 85",218,33439,377,395,0.95,1.5762,33439,0.95
"justroll","Model S 85",218,34041,377,395,0.95,1.5711,34041,0.95
"justroll","Model S 85",218,37896,375,395,0.95,1.5384,37896,0.95
"justroll","Model S 85",218,41628,376,395,0.95,1.5067,41628,0.95
"justroll","Model S 85",218,49285,376,395,0.95,1.4418,49285,0.95
"justroll","Model S 85",218,52483,372,395,0.94,1.4147,52483,0.94
"justroll","Model S 85",237,61737,378,395,0.96,1.3362,61737,0.96
"justroll","Model S 85",215,97602,373,395,0.94,1.032,97602,0.94
"justroll","Model S 85",217,104958,372,395,0.94,0.9696,104958,0.94
"justroll","Model S 85",215,137120,374,395,0.95,0.6968,137120,0.95
"jvds","Model S 70D",197,896,351,360,0.98,1.8425,896,0.98
"jvds","Model S 70D",198,1068,351,360,0.98,1.8466,1068,0.98
"jvds","Model S 70D",210,2611,351,360,0.98,1.8377,2611,0.98
"jvds","Model S 70D",209,2787,360,360,1,1.8362,2787,1
"jvds","Model S 70D",202,3567,366,360,1.02,1.8295,3567,1.02
"jvds","Model S 70D",205,3700,352,360,0.98,1.8284,3700,0.98
"jvds","Model S 70D",205,4400,350,360,0.97,1.8225,4400,0.97
"jvds","Model S 70D",219,31913,348,360,0.97,1.5891,31913,0.97
"jvds","Model S 70D",212,32373,352,360,0.98,1.5852,32373,0.98
"jvds","Model S 70D",NA,32788,345,360,0.96,1.5817,32788,0.96
"jvds","Model S 70D",200,37050,355,360,0.99,1.5456,37050,0.99
"jvds","Model S 70D",203,37891,355,360,0.99,1.5384,37891,0.99
"jvds","Model S 70D",189,42825,348,360,0.97,1.4966,42825,0.97
"jvds","Model S 70D",218,45754,348,360,0.97,1.4717,45754,0.97
"jvds","Model S 70D",218,47832,350,360,0.97,1.4541,47832,0.97
"KaJu74","Model S 75D",215,23357,375,384,0.98,1.6617,23357,0.98
"Kalud","Model S P85",233,59365,414,428,0.97,1.3563,59365,0.97
"kbekaert","Unspecified 85 kWh",214,29481,385,395,0.97,1.6097,29481,0.97
"Keezje","Model S P85",230,33000,375,395,0.95,1.5799,33000,0.95
"Keezje","Model S P85",233,40500,373,395,0.94,1.5163,40500,0.94
"Keezje","Model S P85",233,52500,373,395,0.94,1.4145,52500,0.94
"Keezje","Model S P85",228,56000,374,395,0.95,1.3848,56000,0.95
"Keezje","Model S P85",226,64000,374,395,0.95,1.317,64000,0.95
"Keezje","Model S P85",221,71000,376,395,0.95,1.2576,71000,0.95
"Keezje","Model S P85",226,74500,379,395,0.96,1.2279,74500,0.96
"Keezje","Model S P85",225,84561,381,395,0.96,1.1426,84561,0.96
"Keezje","Model S P85",212,98000,374,395,0.95,1.0286,98000,0.95
"Keezje","Model S P85",221,121000,374,395,0.95,0.8335,121000,0.95
"Kensiko","Model S 60",190,54401,307,333,0.92,1.3984,54401,0.92
"Kensiko","Model S 60",224,64423,306,333,0.92,1.3134,64423,0.92
"khwa","Model S P85D",239,93075,379,403,0.94,1.0704,93075,0.94
"khwa","Model S P85D",243,97594,378,403,0.94,1.032,97594,0.94
"khwa","Model S P85D",243,97738,376,403,0.93,1.0308,97738,0.93
"khwa","Model S P85D",239,147051,372,403,0.92,0.6125,147051,0.92
"khwa","Model S P85D",239,123287,374,403,0.93,0.8141,123287,0.93
"khwa","Model S P85D",239,126882,374,403,0.93,0.7836,126882,0.93
"khwa","Model S P85D",239,130817,373,403,0.93,0.7502,130817,0.93
"khwa","Model S P85D",239,142606,373,403,0.93,0.6503,142606,0.93
"Kirre","Model S 70D",181,6316,357,360,0.99,1.8062,6316,0.99
"Knobby","Model S P85",194,15425,408,428,0.95,1.729,15425,0.95
"Koen De Smet","Model S 85",228,19225,379,395,0.96,1.6967,19225,0.96
"Koen De Smet","Model S 85",228,24639,382,395,0.97,1.6508,24639,0.97
"Koen De Smet","Model S 85",226,58163,378,395,0.96,1.3665,58163,0.96
"Koen De Smet","Model S 85",222,66387,382,395,0.97,1.2967,66387,0.97
"Koen De Smet","Model S 85",222,72626,382,395,0.97,1.2438,72626,0.97
"korgmatose","Model S 85",220,68439,384,395,0.97,1.2793,68439,0.97
"korgmatose","Model S 85",220,73402,383,395,0.97,1.2372,73402,0.97
"korgmatose","Model S 85",193,77430,377,395,0.95,1.2031,77430,0.95
"korgmatose","Model S 85",194,78334,376,395,0.95,1.1954,78334,0.95
"korgmatose","Model S 85",194,78456,376,395,0.95,1.1944,78456,0.95
"korgmatose","Model S 85",194,79700,376,395,0.95,1.1838,79700,0.95
"korgmatose","Model S 85",214,83021,377,395,0.95,1.1556,83021,0.95
"korgmatose","Model S 85",208,86130,378,395,0.96,1.1293,86130,0.96
"korgmatose","Model S 85",206,93406,380,395,0.96,1.0676,93406,0.96
"korgmatose","Model S 85",205,95393,380,395,0.96,1.0507,95393,0.96
"korgmatose","Model S 85",204,97893,378.5,395,0.96,1.0295,97893,0.96
"korgmatose","Model S 85",206,99100,379,395,0.96,1.0193,99100,0.96
"korgmatose","Model S 85",206,100315,380,395,0.96,1.009,100315,0.96
"korgmatose","Model S 85",204,110360,377,395,0.95,0.9238,110360,0.95
"KR","Model S 85",222,51000,369,395,0.93,1.4272,51000,0.93
"KrisB","Model S P85",163,19800,385,395,0.97,1.6919,19800,0.97
"KrisB","Model S P85",167,24325,387,395,0.98,1.6535,24325,0.98
"KrisB","Model S P85",173,33240,383,395,0.97,1.5779,33240,0.97
"KrisB","Model S P85",173,35350,383,395,0.97,1.56,35350,0.97
"KrisB","Model S P85",173,38128,384,395,0.97,1.5364,38128,0.97
"KrisB","Model S P85",171,41924,384,395,0.97,1.5042,41924,0.97
"KrisB","Model S P85",171,54700,384,395,0.97,1.3958,54700,0.97
"KRM","Model S P85",205,73397,379,395,0.96,1.2373,73397,0.96
"Krm","Model S P85",217,116000,372,395,0.94,0.8759,116000,0.94
"kwenix","Unspecified 85 kWh",214,21845,394,395,1,1.6745,21845,1
"kwenix","Unspecified 85 kWh",221,30000,384,395,0.97,1.6053,30000,0.97
"l.10.i","Model S 90D",184,17966,448,447,1,1.7074,17966,1
"l.10.i","Model S 90D",194,33608,442,447,0.99,1.5747,33608,0.99
"l.10.i","Model S 90D",198,38003,440,447,0.98,1.5375,38003,0.98
"lcs.toulouse","Model S 90D",NA,37425,436,447,0.98,1.5424,37425,0.98
"Leen","Model S 75",180,12474,350,375,0.93,1.754,12474,0.93
"Leiha","Model S 85D",209,24300,399,425,0.94,1.6537,24300,0.94
"Liddus","Model S P85",198,57000,382,395,0.97,1.3763,57000,0.97
"Liddus","Model S P85",199,60000,379,395,0.96,1.3509,60000,0.96
"Liddus","Model S P85",203,70000,384,395,0.97,1.2661,70000,0.97
"Liddus","Model S P85",201,80000,377,395,0.95,1.1813,80000,0.95
"Liddus","Model S P85",200,90000,374,395,0.95,1.0964,90000,0.95
"Liddus","Model S P85",202,1e+05,376,395,0.95,1.0116,1e+05,0.95
"Liddus","Model S P85",201,110000,382,395,0.97,0.9268,110000,0.97
"Liddus","Model S P85",200,120000,373,395,0.94,0.842,120000,0.94
"Liddus","Model S P85",203,130075,376,395,0.95,0.7565,130075,0.95
"Louis","Model S 60",193,33000,277,284,0.98,1.5799,33000,0.98
"Lucas","Model X 90D",302,24980,398,400,1,1.6479,24980,1
"Lucas","Model X 90D",289,52783,372,400,0.93,1.4121,52783,0.93
"Lucas","Model X 90D",NA,56417,370,400,0.93,1.3813,56417,0.93
"Lucas","Model X 90D",298,67374,371,400,0.93,1.2884,67374,0.93
"Lucas","Model X 90D",294,72019,372,400,0.93,1.249,72019,0.93
"luckyluke","Unspecified 85 kWh",255,36369,377,395,0.95,1.5513,36369,0.95
"luckyluke","Unspecified 85 kWh",255,51255,375,395,0.95,1.4251,51255,0.95
"Lukas","Model S 90D",216,47414,426,447,0.95,1.4576,47414,0.95
"Lupus Mercator","Model S P90D",232,154312,372,412,0.9,0.551,154312,0.9
"Luske","Model S 85",218,66849,391,395,0.99,1.2928,66849,0.99
"Luske","Model S 85",212,113000,381,395,0.96,0.9014,113000,0.96
"Luske","Model S 85",214,70518,388,395,0.98,1.2617,70518,0.98
"Luske","Model S 85",214,128867.2,379,395,0.96,0.7668,128867.2,0.96
"Luske","Model S 85",216,157267,368,395,0.93,0.5259,157267,0.93
"Luske","Model S 85",217,162000,369,395,0.93,0.4858,162000,0.93
"Luske","Model S 85",216,282000,366,395,0.93,-0.5321,282000,0.93
"Luske2","Model S 70",216,50000,360,355,1.01,1.4357,50000,1.01
"m0rph","Model S 70",227,67565,356,355,1,1.2867,67565,1
"Maarten","Model S P85",218,78527,372,395,0.94,1.1938,78527,0.94
"Maarten","Model S P85",216,96560,370,395,0.94,1.0408,96560,0.94
"Maarten ST","Model S P85+",233,28600,394,395,1,1.6172,28600,1
"Maarten ST","Model S P85+",233,39600,385,395,0.97,1.5239,39600,0.97
"Maarten ST","Model S P85+",235,43500,392,395,0.99,1.4908,43500,0.99
"Maarten ST","Model S P85+",225,50000,390,395,0.99,1.4357,50000,0.99
"maarteneekels","Model X P90D",261,2746,378,379,1,1.8365,2746,1
"Manu37","Model S 85D",205,44000,424,425,1,1.4866,44000,1
"MarcK","Model S P85",207,64103,408,395,1.03,1.3161,64103,1.03
"MarcusS","Model S 85",218,27594,385,395,0.97,1.6258,27594,0.97
"MarkVL","Model S 85",240,48623,380,395,0.96,1.4474,48623,0.96
"marlan99","Model S 90D",217,9500,456,447,1.02,1.7792,9500,1.02
"Martin","Model S P85",220,90375,366,395,0.93,1.0933,90375,0.93
"MartinPF","Model S P100D",242.4,19588.87,471.68,483,0.98,1.6937,19588.87,0.98
"Matthias Wagner","Model S 70D",207,49987,358,360,0.99,1.4358,49987,0.99
"Max 35111","Model S 90D 2015",240,1000,421,427,0.99,1.8455,1000,0.99
"Mayhemm","Model S P85+",201,29628.8,414,428,0.97,1.6085,29628.8,0.97
"Merijn","Model S 85",224,35000,381,395,0.96,1.5629,35000,0.96
"Merijn","Model S 85",223,42000,380,395,0.96,1.5036,42000,0.96
"Merijn","Model S 85",225,45000,378,395,0.96,1.4781,45000,0.96
"Merijn","Model S 85",228,54432,376,395,0.95,1.3981,54432,0.95
"Merijn","Model S 85",229,60555,369,395,0.93,1.3462,60555,0.93
"merlinfive","Model S 85D",230,114321,408,425,0.96,0.8902,114321,0.96
"merzhase","Model S 75D",239,10245,389,384,1.01,1.7729,10245,1.01
"mguw","Model S 85D",222,52000,417,425,0.98,1.4187,52000,0.98
"mikelger","Model S 85D",211,26663,430,425,1.01,1.6337,26663,1.01
"mikelger","Model S 85D",206.2,39929,429,425,1.01,1.5211,39929,1.01
"mikeyc","Model S 85",218,26726,378,395,0.96,1.6331,26726,0.96
"MIKLES","Model 3 P",180,1241,479,530,0.9,1.8475,1241,0.9
"MIKLES","Model 3 P",180,4189,452,530,0.85,1.8243,4189,0.85
"MIKLES","Model 3 P",180,4817,460,530,0.87,1.8189,4817,0.87
"MIKLES","Model 3 P",180,6984,470,530,0.89,1.8006,6984,0.89
"MisterGreen","Unspecified 85 kWh",218,50000,386,395,0.98,1.4357,50000,0.98
"misterp","Model S 60",223,49800,260,284,0.92,1.4374,49800,0.92
"MJ","Model S 85",205,47500,383,395,0.97,1.4569,47500,0.97
"mj","Model S 85",213,26110,381,395,0.96,1.6383,26110,0.96
"mj","Model S 90D",195,23990,450,447,1.01,1.6563,23990,1.01
"MjjVonk","Model S P85",202,33598,384,395,0.97,1.5748,33598,0.97
"MjjVonk","Model S P85",232,68000,384,395,0.97,1.283,68000,0.97
"MjjVonk","Model S P85",222,90000,385,395,0.97,1.0964,90000,0.97
"MjjVonk","Model S P85",225,164858,368,395,0.93,0.4615,164858,0.93
"Mjlner","Model S 85D",209,9535,406,425,0.96,1.7789,9535,0.96
"mknox","Model S 85",211,82059,389,428,0.91,1.1638,82059,0.91
"moho","Model S 85D",269,3856,421,425,0.99,1.8271,3856,0.99
"morth_S","Model S 85",210,14857,389,395,0.98,1.7338,14857,0.98
"morth_S","Model S 85",210,17888,388,395,0.98,1.7081,17888,0.98
"morth_X","Model X 90D",225,100,395,400,0.99,1.3375,100,0.99
"morth_X","Model X 90D",210,3442,393,400,0.98,1.8306,3442,0.98
"mr Lois","Model S 100D",181,15,504,510,0.99,1.062,15,0.99
"mr Lois","Model S 100D",181,6196,500,510,0.98,1.8072,6196,0.98
"MrvdG","Model S 90D",194,1512,456,447,1.02,1.8465,1512,1.02
"Muffinman","Model S P85",195,92000,359,395,0.91,1.0795,92000,0.91
"MVNJ","Model S 85",225,48500,385,395,0.97,1.4484,48500,0.97
"mw80","Model S 85",219,36410,379,395,0.96,1.551,36410,0.96
"mw80","Model S 85",195,53756.1,381,395,0.96,1.4039,53756.1,0.96
"Nexus","Model S 85D",220,6900,423,425,1,1.8013,6900,1
"Nexus","Model S 85D",208,50000,421,425,0.99,1.4357,50000,0.99
"nico180","Model S 90D",220,5444,446,447,1,1.8136,5444,1
"nico180","Model S 90D",230,26700,430,447,0.96,1.6333,26700,0.96
"Niels1275","Model S 85",215,36500,372,395,0.94,1.5502,36500,0.94
"Nobbi 67","Model S 90D",206,50153,432,447,0.97,1.4344,50153,0.97
"Nulwoning","Model S 85",190,45050,378,395,0.96,1.4777,45050,0.96
"Nulwoning","Model S 85",192,53833,378,395,0.96,1.4032,53833,0.96
"Nulwoning","Model S 85",191,71820,370,395,0.94,1.2506,71820,0.94
"Nulwoning","Model S 85",190,76550,378,395,0.96,1.2105,76550,0.96
"Nulwoning","Model S 85",189,80840,383,395,0.97,1.1741,80840,0.97
"Nulwoning","Model S 85",187,88160,377,395,0.95,1.112,88160,0.95
"Nulwoning","Model S 85",186,108788,377,395,0.95,0.9371,108788,0.95
"Nulwoning","Model S 85",186,117000,368,395,0.93,0.8674,117000,0.93
"Nulwoning","Model S 85",187,126800,372,395,0.94,0.7843,126800,0.94
"Nulwoning","Model S 85",187,130820,377,395,0.95,0.7502,130820,0.95
"Nulwoning","Model S 85",187,139100,374,395,0.95,0.68,139100,0.95
"Nulwoning","Model S 85",187,140050,376,395,0.95,0.6719,140050,0.95
"Nulwoning","Model S 85",186,148150,379,395,0.96,0.6032,148150,0.96
"Nulwoning","Model S 85",185,152250,382,395,0.97,0.5685,152250,0.97
"Nulwoning","Model S 85",185,156500,376,395,0.95,0.5324,156500,0.95
"Nulwoning","Model S 85",185,171735,365,395,0.92,0.4032,171735,0.92
"Nulwoning","Model S 85",185,176157,368,395,0.93,0.3657,176157,0.93
"Nulwoning","Model S 85",186,180600,365,395,0.92,0.328,180600,0.92
"ODE90D","Model S 90D",218,48000,440,447,0.98,1.4527,48000,0.98
"p666d","Model S P85D",212,51605,388,403,0.96,1.4221,51605,0.96
"P85-wit","Model S P85",203,175896,381,395,0.96,0.3679,175896,0.96
"Paosaep","Model 3 LR AWD",161,2500,497,544,0.91,1.8386,2500,0.91
"Paosaep","Model 3 LR AWD",161,8800,478,544,0.88,1.7852,8800,0.88
"Patrick Claerhout","Model S 85",207,30650,383,395,0.97,1.5998,30650,0.97
"Patrick Claerhout","Model S 85",203,100250,375,395,0.95,1.0095,100250,0.95
"patrickCH","Model S 85",216,65500,382,395,0.97,1.3042,65500,0.97
"patrickCH","Model S 85",215,78372,378,395,0.96,1.1951,78372,0.96
"patrickCH","Model S 85",218,90850,377,395,0.95,1.0892,90850,0.95
"PaulusdB","Model S P85+",225,21530,388,395,0.98,1.6772,21530,0.98
"PaulusdB","Model S P85+",235,31215,385,395,0.97,1.595,31215,0.97
"PaulusdB","Model S P85+",226,37900,382,395,0.97,1.5383,37900,0.97
"PaulusdB","Model S P85+",224,45400,381,395,0.96,1.4747,45400,0.96
"PaulW5","Unspecified 85 kWh",249,22850,385,395,0.97,1.666,22850,0.97
"pbakk","Model S P85+",211,47000,371,395,0.94,1.4612,47000,0.94
"Pebe","Model S 85D",248,370,426,425,1,1.7215,370,1
"Pebe","Model S 85D",220,20147,428,425,1.01,1.6889,20147,1.01
"peters25","Model S 90D",214,8600,455,447,1.02,1.7869,8600,1.02
"peters25","Model S 90D",207,13977,453,447,1.01,1.7413,13977,1.01
"Phil V","Model S 90D",216,45389,425,447,0.95,1.4748,45389,0.95
"Phil V","Model S 90D",217,74117,422,447,0.94,1.2312,74117,0.94
"Phil V","Model S 90D",211,120500,413,447,0.92,0.8377,120500,0.92
"Phil V","Model S 90D",211,55961,424,447,0.95,1.3852,55961,0.95
"Phil V","Model S 90D",211,127000,417,447,0.93,0.7826,127000,0.93
"Phil V","Model S 90D",211,142900,413,447,0.92,0.6478,142900,0.92
"Phil_BE","Model S 70D",233,3000,368,360,1.02,1.8344,3000,1.02
"Phil_BE","Model S 70D",220,7800,358,360,0.99,1.7936,7800,0.99
"Phil_BE","Model S 90D",213,55961,424,447,0.95,1.3852,55961,0.95
"Phil_BE","Model S 70D",202,3000,362,360,1.01,1.8344,3000,1.01
"Phil_BE","Model S 70D",202,12000,358,360,0.99,1.758,12000,0.99
"Phil_BE","Model S 70D",202,105800,343,360,0.95,0.9624,105800,0.95
"philhill","Model S P85",247,6548,385,395,0.97,1.8043,6548,0.97
"philhill","Model S P85",273,16011,383,395,0.97,1.724,16011,0.97
"PimEffting","Model S 85",203,23000,389,395,0.98,1.6647,23000,0.98
"pjhartog","Unspecified 85 kWh",218,26000,388,395,0.98,1.6393,26000,0.98
"pjw65","Model S 85",212,28479,381,395,0.96,1.6182,28479,0.96
"pjw65","Model S 85",210,30311,388,395,0.98,1.6027,30311,0.98
"pjw65","Model S 85",190,43806,383,395,0.97,1.4882,43806,0.97
"pjw65","Model S 85",200,60700,382,395,0.97,1.345,60700,0.97
"pjw65","Model S 85",185,117055,375,395,0.95,0.867,117055,0.95
"Poko","Model S P85+",239,55125,365,395,0.92,1.3922,55125,0.92
"pott pat","Model S 75",206,56000,370,375,0.99,1.3848,56000,0.99
"Prc","Model S P85D",234,112572,373,403,0.93,0.905,112572,0.93
"pvandamcom","Model S P85",224,3434,394,395,1,1.8307,3434,1
"pvandamcom","Model S P85",229,8000,388,395,0.98,1.7919,8000,0.98
"pvandamcom","Model S P85",244,20539,378,395,0.96,1.6856,20539,0.96
"pvh","Model S P85+",245,14977,395,395,1,1.7328,14977,1
"pvh","Model S P85+",248,23056,384,395,0.97,1.6642,23056,0.97
"pvkeep","Model S 90D",214,45500,433,447,0.97,1.4739,45500,0.97
"PW01","Model S 100D",260,16000,490,510,0.96,1.7241,16000,0.96
"PW01","Model S 100D",230,67000,482,510,0.95,1.2915,67000,0.95
"QueenieEye","Model S 85",202,39000,377,395,0.95,1.529,39000,0.95
"QueenieEye","Model S 85",203,63372,375,395,0.95,1.3223,63372,0.95
"QueenieEye","Model S 85",202,69161,366,395,0.93,1.2732,69161,0.93
"QueenieEye","Model S 85",201,83000,365,395,0.92,1.1558,83000,0.92
"QueenieEye","Model S 85",202,93400,369,395,0.93,1.0676,93400,0.93
"QueenieEye","Model S 85",200,106563,369,395,0.93,0.956,106563,0.93
"QueenieEye","Model S 85",200,109248,373,395,0.94,0.9332,109248,0.94
"QueenieEye","Model S 85",200,119000,375,395,0.95,0.8505,119000,0.95
"Quenbo","Model S P100D",267,4781,482,483,1,1.8192,4781,1
"Quenbo","Model S P100D",260,6472,478,483,0.99,1.8049,6472,0.99
"Quenbo","Model S P100D",288,16476,472,483,0.98,1.7201,16476,0.98
"Quenbo","Model S P100D",NA,22863,471,483,0.98,1.6659,22863,0.98
"Quenbo","Model S P100D",NA,32048,466,483,0.96,1.588,32048,0.96
"Quenbo","Model S P100D",NA,37079,466,483,0.96,1.5453,37079,0.96
"Quenbo","Model S P100D",NA,50984,455,483,0.94,1.4274,50984,0.94
"Quenbo","Model S P100D",NA,64224,452,483,0.94,1.3151,64224,0.94
"r.wagner","Model S P85D",220,53000,375,403,0.93,1.4103,53000,0.93
"RaBalder","Model S P85",210,43500,384,395,0.97,1.4908,43500,0.97
"radio","Model S 90D",204,15800,450,447,1.01,1.7258,15800,1.01
"radio","Model S 90D",204,27000,443,447,0.99,1.6308,27000,0.99
"Ram EH","Model S 85",215.55,168130,392,428,0.92,0.4338,168130,0.92
"raptorsf","Model S 75D",NA,3200,389,384,1.01,1.8327,3200,1.01
"Raymond","Model S 85",218,69255,387,395,0.98,1.2724,69255,0.98
"RCH1708","Unspecified 85 kWh",229,27000,381,395,0.96,1.6308,27000,0.96
"RealNuke","Unspecified 85 kWh",270,32080,380,395,0.96,1.5877,32080,0.96
"redevries","Model S 85",219,35244,391,395,0.99,1.5609,35244,0.99
"redevries","Model S 85",229,51700,389,395,0.98,1.4213,51700,0.98
"redevries","Model S 85",235,60588,378,395,0.96,1.3459,60588,0.96
"redevries","Model S 85",225,79470,359,395,0.91,1.1858,79470,0.91
"redevries","Model S 85",224,93906,368,395,0.93,1.0633,93906,0.93
"redevries","Model S 85",226,126077,371,395,0.94,0.7904,126077,0.94
"redevries","Model S 85",226,144744,371,395,0.94,0.6321,144744,0.94
"redevries","Model S 85",226,154801,373,395,0.94,0.5468,154801,0.94
"redevries","Model S 85",221,192495,362,395,0.92,0.2271,192495,0.92
"reiter@lav.at","Model S 90D",210,432,432,447,0.97,1.757,432,0.97
"reiter@lav.at","Model S 90D",210,21000,432,447,0.97,1.6817,21000,0.97
"ReNe","Unspecified 85 kWh",218,32000,383,395,0.97,1.5884,32000,0.97
"Rick A.","Model S 90D",242,4900,445,447,1,1.8182,4900,1
"Rob N.","Model S 85D",230,3200,408,425,0.96,1.8327,3200,0.96
"Rob N.","Model S 85D",223,15000,413,425,0.97,1.7326,15000,0.97
"RobPet","Model S 85",218,82512,379,395,0.96,1.16,82512,0.96
"RobPet","Model S 85",NA,132130,373,395,0.94,0.7391,132130,0.94
"Robrecht","Model S 85D",233,550,403,425,0.95,1.8002,550,0.95
"Rolfe","Model S P85D",221,27000,381,403,0.95,1.6308,27000,0.95
"RonVerbrugge","Model S P85D",208,28000,385,403,0.96,1.6223,28000,0.96
"Rprp","Model S P85",227,46000,381,395,0.96,1.4696,46000,0.96
"Rprp","Model S P85",223,61500,373,395,0.94,1.3382,61500,0.94
"Rprp","Model S P85",229,71050,373,395,0.94,1.2572,71050,0.94
"Rprp","Model S P85",229,80150,369,395,0.93,1.18,80150,0.93
"Rprp","Model S P85",218,94500,370,395,0.94,1.0583,94500,0.94
"Rprp","Model S P85",233,1e+05,368,395,0.93,1.0116,1e+05,0.93
"Rprp","Model S P85",233,108400,366,395,0.93,0.9404,108400,0.93
"Rprp","Model S P85",233,115000,367,395,0.93,0.8844,115000,0.93
"Rprp","Model S P85",233,120000,369,395,0.93,0.842,120000,0.93
"Rprp 90D","Model S 90D",218,300,458,447,1.02,1.6654,300,1.02
"Rprp 90D","Model S 90D",225,15000,447,447,1,1.7326,15000,1
"Rprp 90D","Model S 90D",218,20000,447,447,1,1.6902,20000,1
"rsp","Model S 75D",200,25000,370,384,0.96,1.6478,25000,0.96
"rsvarthur","Model S P85",223,206254,367,395,0.93,0.1104,206254,0.93
"Ruben7113","Unspecified 85 kWh",218,21600,385,395,0.97,1.6766,21600,0.97
"S-19910","Model S P85",218,47352,377,395,0.95,1.4582,47352,0.95
"S-19910","Model S P85",215,102000,362,395,0.92,0.9947,102000,0.92
"S-19910","Model S P85",205,187612,376,395,0.95,0.2685,187612,0.95
"Sam","Model S P85",155,50000,386,395,0.98,1.4357,50000,0.98
"SBA1991","Model S 85",250,1e+05,374,395,0.95,1.0116,1e+05,0.95
"Scholten","Model S 85D",210,12,420,425,0.99,1.05,12,0.99
"SchwartzMobile","Model S 85D",240,115665,412,425,0.97,0.8788,115665,0.97
"sdragon","Model S 75D",198,18375,384,384,1,1.7039,18375,1
"sdragon","Model S 75D",198,19529,383,384,1,1.6942,19529,1
"selsrog","Model S 85",235,8598,388,395,0.98,1.7869,8598,0.98
"selsrog","Model S 85",240,18500,381,395,0.96,1.7029,18500,0.96
"selsrog","Model S 85",250,27000,382,395,0.97,1.6308,27000,0.97
"selsrog","Model S 85",237,36743,368,395,0.93,1.5482,36743,0.93
"selsrog","Model S 85",221,46534,361,395,0.91,1.4651,46534,0.91
"selsrog","Model S 85",221,53226,364,395,0.92,1.4083,53226,0.92
"Sh3xCod","Model S 85D",234,5165,407,425,0.96,1.816,5165,0.96
"Sh3xCod","Model S 85D",233,7400,409,425,0.96,1.797,7400,0.96
"Sheffie","Model S P85D",225,19985,408,407,1,1.6903,19985,1
"shoot72","Model S 85D",207,18650,398,425,0.94,1.7016,18650,0.94
"shoot72","Model S 85D",207,26085,395,425,0.93,1.6386,26085,0.93
"shoot72","Model S 85D",211,39100,409,425,0.96,1.5282,39100,0.96
"shoot72","Model S 85D",210,43210,410,425,0.96,1.4933,43210,0.96
"shoot72","Model S 85D",212,47128,419,425,0.99,1.4601,47128,0.99
"shoot72","Model S 85D",211,52600,419,425,0.99,1.4137,52600,0.99
"shoot72","Model S 85D",211,57583,413,425,0.97,1.3714,57583,0.97
"shoot72","Model S 85D",215,78500,412,425,0.97,1.194,78500,0.97
"shoot72","Model S 85D",215,109111,410,425,0.96,0.9343,109111,0.96
"Shoot72","Model S 85D",217,112809,405,425,0.95,0.903,112809,0.95
"shoot72 S100D","Model S 100D",220,150,509,510,1,1.4524,150,1
"Siempie76","Model S 85",208,132603,373,395,0.94,0.7351,132603,0.94
"Siggy101","Model S 90D",193,5500,450,447,1.01,1.8132,5500,1.01
"Siggy101","Model S 90D",193,8200,449,447,1,1.7902,8200,1
"Silent Bolt","Model S 85D",218,2200,404,425,0.95,1.8411,2200,0.95
"Simen1","Model S P85",206,131600,375,395,0.95,0.7436,131600,0.95
"sjhyene","Model S 85",220,45777,365,395,0.92,1.4715,45777,0.92
"SmartElectric","Model S 85",220,70000,410,428,0.96,1.2661,70000,0.96
"SmartElectric","Model S 85",NA,140000,410,428,0.96,0.6724,140000,0.96
"Snakefun","Model S 85",195,42419,377,395,0.95,1.5,42419,0.95
"Sometimes","Model X 100D",271,20690,475,470,1.01,1.6843,20690,1.01
"Sometimes","Model S 85",272,145708,426,428,1,0.6239,145708,1
"SSc3010","Model S 85",195,37042,380,395,0.96,1.5456,37042,0.96
"SSc3010","Model S 85",194,42379,379,395,0.96,1.5004,42379,0.96
"SSc3010","Model S 85",192,48407,377,395,0.95,1.4492,48407,0.95
"SSc3010","Model S 85",192,49693,378,395,0.96,1.4383,49693,0.96
"SSc3010","Model S 85",189,60689,374,395,0.95,1.3451,60689,0.95
"SSc3010","Model S 85",189,61228,376,395,0.95,1.3405,61228,0.95
"SSc3010","Model S 85",189,62102,377,395,0.95,1.3331,62102,0.95
"SSc3010","Model S 85",189,62375,376,395,0.95,1.3308,62375,0.95
"SSc3010","Model S 85",189,62465,377,395,0.95,1.33,62465,0.95
"SSc3010","Model S 85",189,62669,378,395,0.96,1.3283,62669,0.96
"SSc3010","Model S 85",189,62764,378,395,0.96,1.3275,62764,0.96
"SSc3010","Model S 85",189,63103,379,395,0.96,1.3246,63103,0.96
"SSc3010","Model S 85",187,69239,365,395,0.92,1.2725,69239,0.92
"SSc3010","Model S 85",186,74631,364,395,0.92,1.2268,74631,0.92
"SSc3010","Model S 85",185,81552,366,395,0.93,1.1681,81552,0.93
"SSc3010","Model S 85",185,86781,375,395,0.95,1.1237,86781,0.95
"SSc3010","Model S 85",186,93058,371,395,0.94,1.0705,93058,0.94
"SSc3010","Model S 85",185,108644,374,395,0.95,0.9383,108644,0.95
"SSc3010","Model S 85",184,112723,375,395,0.95,0.9037,112723,0.95
"SSc3010","Model S 85",184,113170,373,395,0.94,0.8999,113170,0.94
"SSc3010","Model S 85",182,123275,376,395,0.95,0.8142,123275,0.95
"SSc3010","Model S 85",182,133442,380,395,0.96,0.728,133442,0.96
"SSc3010","Model S 85",182,136267,380,395,0.96,0.704,136267,0.96
"SSc3010","Model S 85",182,145160,377,395,0.95,0.6286,145160,0.95
"SSc3010","Model S 85",182,172871,380,395,0.96,0.3936,172871,0.96
"SSc3010","Model S 85",181.4,187618,375,395,0.95,0.2685,187618,0.95
"SSc3010","Model S 85",182,196476,374,395,0.95,0.1933,196476,0.95
"SSc3010","Model S 85",180,202506,373,395,0.94,0.1422,202506,0.94
"SSc3010","Model S 85",181,228132,368,395,0.93,-0.0752,228132,0.93
"StefanSarzio","Model S 75",206,38288,362,375,0.97,1.5351,38288,0.97
"Steinar","Model S 60",199,39500,279,284,0.98,1.5248,39500,0.98
"Steinar","Model S 60",199,39800,274,284,0.96,1.5222,39800,0.96
"Steinar","Model S 60",195,45500,268,284,0.94,1.4739,45500,0.94
"Steinar","Model S 60",199,54100,255,284,0.9,1.4009,54100,0.9
"Stickybit","Model S 70D",209,13659,369,360,1.03,1.7439,13659,1.03
"Stickybit","Model S 70D",218,21045,366,360,1.02,1.6813,21045,1.02
"Stickybit","Model S 70D",204,32500,362,360,1.01,1.5841,32500,1.01
"Stickybit","Model S 70D",207,37124,364,360,1.01,1.5449,37124,1.01
"Stickybit","Model S 70D",209,43082,365,360,1.01,1.4944,43082,1.01
"Stickybit","Model S 70D",207,68968,355,360,0.99,1.2748,68968,0.99
"Sues","Model S 85",222,42200,365,395,0.92,1.5019,42200,0.92
"Sues","Model S 85",222,42900,376,395,0.95,1.4959,42900,0.95
"Surfi","Model S P85D",212,96000,385,403,0.96,1.0456,96000,0.96
"svimtapp","Model S P85",209,49000,373,395,0.94,1.4442,49000,0.94
"Sbastien","Model S 75D",218,8395,383,384,1,1.7886,8395,1
"T-Drive","Model S 75D",220,2700,393,384,1.02,1.8369,2700,1.02
"T-Drive","Model S 75D",240,7100,392,384,1.02,1.7996,7100,1.02
"T-Drive","Model S 75D",243,10000,392,384,1.02,1.775,10000,1.02
"Tazmanian","Model S 85D",230,17500,420,425,0.99,1.7114,17500,0.99
"tehjimos","Model S 85",250,106000,369,395,0.93,0.9607,106000,0.93
"teslabil","Model S P85",209,25775,384,395,0.97,1.6412,25775,0.97
"Teslatim","Model S 90D",280,80000,422,447,0.94,1.1813,80000,0.94
"TG","Model S 75",NA,44000,369,375,0.98,1.4866,44000,0.98
"thethe","Model S P85",214,121121,373,395,0.94,0.8325,121121,0.94
"Thor","Model S 85",244,4178,398,395,1.01,1.8244,4178,1.01
"Thor","Model S 85",250,5500,395,395,1,1.8132,5500,1
"Thor","Model S 85",248,8452,396,395,1,1.7881,8452,1
"Thor","Model S 85",233,17000,390,395,0.99,1.7156,17000,0.99
"Thor","Model S 85",233,17500,388,395,0.98,1.7114,17500,0.98
"Thor","Model S 85",233,19015,388,395,0.98,1.6985,19015,0.98
"Thor","Model S 85",225,40000,384,395,0.97,1.5205,40000,0.97
"Thor","Model S 85",226,41500,385,395,0.97,1.5078,41500,0.97
"Thor","Model S 85",227,48000,384,395,0.97,1.4527,48000,0.97
"Thor","Model S 85",227,49200,386,395,0.98,1.4425,49200,0.98
"Thor","Model S 85",226,54000,386,395,0.98,1.4018,54000,0.98
"Thor","Model S 85",225,54765,384,395,0.97,1.3953,54765,0.97
"Thor2","Model S 70D",223,11500,360,360,1,1.7623,11500,1
"Thor2","Model S 70D",206,19000,349,360,0.97,1.6986,19000,0.97
"Thor2","Model S 70D",204,25000,350,360,0.97,1.6478,25000,0.97
"Thor2","Model S 70D",201,31273,349,360,0.97,1.5945,31273,0.97
"Thor3","Model S 90D",214,1980,445,447,1,1.843,1980,1
"Thor3","Model S 90D",214,2500,450,447,1.01,1.8386,2500,1.01
"Thor3","Model S 90D",220,8000,444,447,0.99,1.7919,8000,0.99
"Thor4","Model S 75",194,350,373,375,0.99,1.7074,350,0.99
"Thor4","Model S 75",196,736,373,375,0.99,1.8319,736,0.99
"Thor4","Model S 75",192,7500,373,375,0.99,1.7962,7500,0.99
"Thor4","Model S 75",190,10500,373,375,0.99,1.7707,10500,0.99
"Thor4","Model S 75",189,12063,373,375,0.99,1.7575,12063,0.99
"Thor4","Model S 75",201,17013,368,375,0.98,1.7155,17013,0.98
"tice17","Model S P85+",217,101887,363,395,0.92,0.9956,101887,0.92
"tice17","Model S P85+",217,75000,378,395,0.96,1.2237,75000,0.96
"ticketchu","Model S 90D",244,14500,435,447,0.97,1.7368,14500,0.97
"Tintorera","Model S 75D",240,1672,384,384,1,1.8454,1672,1
"tliviuc","Model S 90D",197,605,448,447,1,1.8129,605,1
"tliviuc","Model S 90D",191,1167,446,447,1,1.8474,1167,1
"tliviuc","Model S 90D",198,3323,449,447,1,1.8316,3323,1
"tnt369","Model S 90D",210,42500,444,447,0.99,1.4993,42500,0.99
"Tom Pot","Model S 85D",238,115848,401,425,0.94,0.8772,115848,0.94
"Top","Model S 70D",187,300,339,360,0.94,1.6654,300,0.94
"TR","Model S 60",200,44780,256,284,0.9,1.48,44780,0.9
"triprip","Model X 75D",NA,8318,368,377,0.98,1.7892,8318,0.98
"triprip","Model X 75D",NA,12747,369.5,377,0.98,1.7517,12747,0.98
"trou","Model S 85",223,157556,370,395,0.94,0.5234,157556,0.94
"trygvelo","Model S P85+",223,40532,367,395,0.93,1.516,40532,0.93
"TStolz","Model S 85D",214,90000,428,435,0.98,1.0964,90000,0.98
"TTheo","Model S 60",205,9161,280,284,0.99,1.7821,9161,0.99
"TTheo","Model S 60",216,14267,272,284,0.96,1.7388,14267,0.96
"TTheo","Model S 60",220,18793,272,284,0.96,1.7004,18793,0.96
"twall-e","Model S 70D",186,1700,363,360,1.01,1.8452,1700,1.01
"twall-e","Model S 70D",174,4000,354,360,0.98,1.8259,4000,0.98
"twall-e","Model S 70",218,6463,358,355,1.01,1.805,6463,1.01
"twall-e","Model S 70D",193,20000,344,360,0.96,1.6902,20000,0.96
"Ugliest1","Model S 85",210,45756,409,428,0.96,1.4717,45756,0.96
"UlrA","Model S 90D",220,99390,425,447,0.95,1.0168,99390,0.95
"univ","Model S 85D",256,41187,404,425,0.95,1.5105,41187,0.95
"univ","Model S 85D",248,169000,414,425,0.97,0.4264,169000,0.97
"univ","Model S 85D",249,228291,403,425,0.95,-0.0765,228291,0.95
"velociped77","Model S 70D",179,1340,364,360,1.01,1.8474,1340,1.01
"velociped77","Model S 70D",179,3177,364,360,1.01,1.8329,3177,1.01
"Verdi","Model S 90D",218,60968,435,447,0.97,1.3427,60968,0.97
"Viking","Model S 85",222,34822,377,395,0.95,1.5644,34822,0.95
"villena","Model S 85D",203,88932,410,425,0.96,1.1055,88932,0.96
"vmbert","Model 3 SR+",163,3717,379,415,0.91,1.8283,3717,0.91
"vmbert","Model 3 SR+",163,7366,369,415,0.89,1.7973,7366,0.89
"vmbert","Model 3 SR+",163,9923,371,415,0.89,1.7756,9923,0.89
"vmbert","Model 3 SR+",163,18957,369,415,0.89,1.699,18957,0.89
"Volker.Berlin","Model S 85",210,129000,360,395,0.91,0.7657,129000,0.91
"voll1","Model S 85",230,40108,386,395,0.98,1.5196,40108,0.98
"Wannes","Model S 85",204,69189,388,395,0.98,1.273,69189,0.98
"ward","Model S 85",254,57500,375,395,0.95,1.3721,57500,0.95
"WhiteStorm","Model S P100D",188,1364,488,483,1.01,1.8473,1364,1.01
"WhiteStorm","Model S P100D",NA,9695,484,483,1,1.7776,9695,1
"WhiteStorm","Model S P100D",182,13558,480,483,0.99,1.7448,13558,0.99
"WhiteStorm","Model S P100D",NA,48560,453,483,0.94,1.4479,48560,0.94
"widodh","Model S 85",221,49600,386,395,0.98,1.4391,49600,0.98
"widodh","Model S 85",221,54000,377,395,0.95,1.4018,54000,0.95
"widodh","Model S 85",227,59500,374,395,0.95,1.3551,59500,0.95
"widodh","Model S 85",224,63000,374,395,0.95,1.3254,63000,0.95
"widodh","Model S 85",226,68018,373,395,0.94,1.2829,68018,0.94
"widodh","Model S 85",225,74020,375,395,0.95,1.232,74020,0.95
"widodh","Model S 85",224,78500,375,395,0.95,1.194,78500,0.95
"widodh","Model S 85",223,81000,375,395,0.95,1.1728,81000,0.95
"widodh","Model S 85",219,90600,378,395,0.96,1.0914,90600,0.96
"widodh","Model S 85",211,99478,372,395,0.94,1.0161,99478,0.94
"widodh","Model S 85",223,106023,368,395,0.93,0.9605,106023,0.93
"widodh","Model S 85",224,211130,381,395,0.96,0.069,211130,0.96
"Willem","Unspecified 85 kWh",193,25050,391,395,0.99,1.6473,25050,0.99
"Wim S.","Model S 85",219,17800,386,395,0.98,1.7088,17800,0.98
"Wim S.","Model S 85",219,20500,378,395,0.96,1.6859,20500,0.96
"Wim S.","Model S 85",214,31960,378,395,0.96,1.5887,31960,0.96
"WLF46","Model S 75D",200,49000,372,384,0.97,1.4442,49000,0.97
"Wulli","Model S P85+",203,273200,360,395,0.91,-0.4574,273200,0.91
"x-ray","Unspecified 85 kWh",210,37000,374,395,0.95,1.546,37000,0.95
"Xfrank","Model S 60",207,14995,284,284,1,1.7326,14995,1
"Xfrank","Model S 60",208,19700,285,284,1,1.6927,19700,1
"Xfrank","Model S 60",211,23373,282,284,0.99,1.6616,23373,0.99
"Xfrank","Model S 60",213,27120,275,284,0.97,1.6298,27120,0.97
"Xfrank","Model S 60",210,31000,277,284,0.98,1.5969,31000,0.98
"Xfrank","Model S 60",209,35900,276,284,0.97,1.5553,35900,0.97
"Xfrank","Model S 60",209,39300,275,284,0.97,1.5265,39300,0.97
"Xfrank","Model S 60",208,40750,295,284,1.04,1.5142,40750,1.04
"Xfrank-85","Model S 85",218,3200,398,395,1.01,1.8327,3200,1.01
"XFrank-85","Model S P85",212,20500,386,395,0.98,1.6859,20500,0.98
"Xfrank-85","Model S 85",215,62010,385,395,0.97,1.3338,62010,0.97
"Xighting","Model S 85",223,48000,374,395,0.95,1.4527,48000,0.95
"Yannick","Model S 70D",221,10000,365,360,1.01,1.775,10000,1.01
"Zee","Model S 85D",222,4700,405,425,0.95,1.8199,4700,0.95
"Zee","Model S 85D",220,6950,403,425,0.95,1.8009,6950,0.95
"Zneip","Model S 85",202,61000,363,395,0.92,1.3424,61000,0.92
"Zneip","Model S 85",203,84000,379,395,0.96,1.1473,84000,0.96
"Zouteval","Model S 85",205,5650,399,395,1.01,1.8119,5650,1.01
"Zuid5.nl","Model S P85",203,23945,387,395,0.98,1.6567,23945,0.98
"Zuid5.nl","Model S P85",209,33000,384,395,0.97,1.5799,33000,0.97
"Zuid5.nl","Model S P85",207,45025,378,395,0.96,1.4779,45025,0.96
